-- Generated by Craft v2.6.2982 on 21 Jun 2017 20:45:42.

--
-- Disable foreign key checks and autocommit.
--

SET FOREIGN_KEY_CHECKS = 0;
SET SQL_MODE = "NO_AUTO_VALUE_ON_ZERO";
SET AUTOCOMMIT = 0;
SET NAMES utf8;


DROP TABLE IF EXISTS `craft_assetfiles`;


--
-- Schema for table `craft_assetfiles`
--
CREATE TABLE `craft_assetfiles` (
  `id` int(11) NOT NULL,
  `sourceId` int(11) DEFAULT NULL,
  `folderId` int(11) NOT NULL,
  `filename` varchar(255) COLLATE utf8_unicode_ci NOT NULL,
  `kind` varchar(50) COLLATE utf8_unicode_ci NOT NULL DEFAULT 'unknown',
  `width` int(11) unsigned DEFAULT NULL,
  `height` int(11) unsigned DEFAULT NULL,
  `size` bigint(20) unsigned DEFAULT NULL,
  `dateModified` datetime DEFAULT NULL,
  `dateCreated` datetime NOT NULL,
  `dateUpdated` datetime NOT NULL,
  `uid` char(36) COLLATE utf8_unicode_ci NOT NULL DEFAULT '0',
  PRIMARY KEY (`id`),
  UNIQUE KEY `craft_assetfiles_filename_folderId_unq_idx` (`filename`,`folderId`),
  KEY `craft_assetfiles_sourceId_fk` (`sourceId`),
  KEY `craft_assetfiles_folderId_fk` (`folderId`)
) ENGINE=InnoDB DEFAULT CHARSET=utf8 COLLATE=utf8_unicode_ci;

DROP TABLE IF EXISTS `craft_assetfolders`;


--
-- Schema for table `craft_assetfolders`
--
CREATE TABLE `craft_assetfolders` (
  `id` int(11) NOT NULL AUTO_INCREMENT,
  `parentId` int(11) DEFAULT NULL,
  `sourceId` int(11) DEFAULT NULL,
  `name` varchar(255) COLLATE utf8_unicode_ci NOT NULL,
  `path` varchar(255) COLLATE utf8_unicode_ci DEFAULT NULL,
  `dateCreated` datetime NOT NULL,
  `dateUpdated` datetime NOT NULL,
  `uid` char(36) COLLATE utf8_unicode_ci NOT NULL DEFAULT '0',
  PRIMARY KEY (`id`),
  UNIQUE KEY `craft_assetfolders_name_parentId_sourceId_unq_idx` (`name`,`parentId`,`sourceId`),
  KEY `craft_assetfolders_parentId_fk` (`parentId`),
  KEY `craft_assetfolders_sourceId_fk` (`sourceId`)
) ENGINE=InnoDB DEFAULT CHARSET=utf8 COLLATE=utf8_unicode_ci;

DROP TABLE IF EXISTS `craft_assetindexdata`;


--
-- Schema for table `craft_assetindexdata`
--
CREATE TABLE `craft_assetindexdata` (
  `id` int(11) NOT NULL AUTO_INCREMENT,
  `sessionId` varchar(36) COLLATE utf8_unicode_ci NOT NULL DEFAULT '',
  `sourceId` int(10) NOT NULL,
  `offset` int(10) NOT NULL,
  `uri` varchar(255) COLLATE utf8_unicode_ci DEFAULT NULL,
  `size` varchar(255) COLLATE utf8_unicode_ci DEFAULT NULL,
  `recordId` int(10) DEFAULT NULL,
  `dateCreated` datetime NOT NULL,
  `dateUpdated` datetime NOT NULL,
  `uid` char(36) COLLATE utf8_unicode_ci NOT NULL DEFAULT '0',
  PRIMARY KEY (`id`),
  UNIQUE KEY `craft_assetindexdata_sessionId_sourceId_offset_unq_idx` (`sessionId`,`sourceId`,`offset`),
  KEY `craft_assetindexdata_sourceId_fk` (`sourceId`)
) ENGINE=InnoDB DEFAULT CHARSET=utf8 COLLATE=utf8_unicode_ci;

DROP TABLE IF EXISTS `craft_assetsources`;


--
-- Schema for table `craft_assetsources`
--
CREATE TABLE `craft_assetsources` (
  `id` int(11) NOT NULL AUTO_INCREMENT,
  `name` varchar(255) COLLATE utf8_unicode_ci NOT NULL,
  `handle` varchar(255) COLLATE utf8_unicode_ci NOT NULL,
  `type` varchar(150) COLLATE utf8_unicode_ci NOT NULL,
  `settings` text COLLATE utf8_unicode_ci,
  `sortOrder` smallint(6) unsigned DEFAULT NULL,
  `fieldLayoutId` int(10) DEFAULT NULL,
  `dateCreated` datetime NOT NULL,
  `dateUpdated` datetime NOT NULL,
  `uid` char(36) COLLATE utf8_unicode_ci NOT NULL DEFAULT '0',
  PRIMARY KEY (`id`),
  UNIQUE KEY `craft_assetsources_name_unq_idx` (`name`),
  UNIQUE KEY `craft_assetsources_handle_unq_idx` (`handle`),
  KEY `craft_assetsources_fieldLayoutId_fk` (`fieldLayoutId`)
) ENGINE=InnoDB DEFAULT CHARSET=utf8 COLLATE=utf8_unicode_ci;

DROP TABLE IF EXISTS `craft_assettransformindex`;


--
-- Schema for table `craft_assettransformindex`
--
CREATE TABLE `craft_assettransformindex` (
  `id` int(11) NOT NULL AUTO_INCREMENT,
  `fileId` int(11) NOT NULL,
  `filename` varchar(255) COLLATE utf8_unicode_ci DEFAULT NULL,
  `format` varchar(255) COLLATE utf8_unicode_ci DEFAULT NULL,
  `location` varchar(255) COLLATE utf8_unicode_ci NOT NULL,
  `sourceId` int(11) DEFAULT NULL,
  `fileExists` tinyint(1) DEFAULT NULL,
  `inProgress` tinyint(1) DEFAULT NULL,
  `dateIndexed` datetime DEFAULT NULL,
  `dateCreated` datetime NOT NULL,
  `dateUpdated` datetime NOT NULL,
  `uid` char(36) COLLATE utf8_unicode_ci NOT NULL DEFAULT '0',
  PRIMARY KEY (`id`),
  KEY `craft_assettransformindex_sourceId_fileId_location_idx` (`sourceId`,`fileId`,`location`)
) ENGINE=InnoDB DEFAULT CHARSET=utf8 COLLATE=utf8_unicode_ci;

DROP TABLE IF EXISTS `craft_assettransforms`;


--
-- Schema for table `craft_assettransforms`
--
CREATE TABLE `craft_assettransforms` (
  `id` int(11) NOT NULL AUTO_INCREMENT,
  `name` varchar(255) COLLATE utf8_unicode_ci NOT NULL,
  `handle` varchar(255) COLLATE utf8_unicode_ci NOT NULL,
  `mode` enum('stretch','fit','crop') COLLATE utf8_unicode_ci NOT NULL DEFAULT 'crop',
  `position` enum('top-left','top-center','top-right','center-left','center-center','center-right','bottom-left','bottom-center','bottom-right') COLLATE utf8_unicode_ci NOT NULL DEFAULT 'center-center',
  `height` int(10) DEFAULT NULL,
  `width` int(10) DEFAULT NULL,
  `format` varchar(255) COLLATE utf8_unicode_ci DEFAULT NULL,
  `quality` int(10) DEFAULT NULL,
  `dimensionChangeTime` datetime DEFAULT NULL,
  `dateCreated` datetime NOT NULL,
  `dateUpdated` datetime NOT NULL,
  `uid` char(36) COLLATE utf8_unicode_ci NOT NULL DEFAULT '0',
  PRIMARY KEY (`id`),
  UNIQUE KEY `craft_assettransforms_name_unq_idx` (`name`),
  UNIQUE KEY `craft_assettransforms_handle_unq_idx` (`handle`)
) ENGINE=InnoDB DEFAULT CHARSET=utf8 COLLATE=utf8_unicode_ci;

DROP TABLE IF EXISTS `craft_categories`;


--
-- Schema for table `craft_categories`
--
CREATE TABLE `craft_categories` (
  `id` int(11) NOT NULL,
  `groupId` int(11) NOT NULL,
  `dateCreated` datetime NOT NULL,
  `dateUpdated` datetime NOT NULL,
  `uid` char(36) COLLATE utf8_unicode_ci NOT NULL DEFAULT '0',
  PRIMARY KEY (`id`),
  KEY `craft_categories_groupId_fk` (`groupId`)
) ENGINE=InnoDB DEFAULT CHARSET=utf8 COLLATE=utf8_unicode_ci;

DROP TABLE IF EXISTS `craft_categorygroups`;


--
-- Schema for table `craft_categorygroups`
--
CREATE TABLE `craft_categorygroups` (
  `id` int(11) NOT NULL AUTO_INCREMENT,
  `structureId` int(11) NOT NULL,
  `fieldLayoutId` int(11) DEFAULT NULL,
  `name` varchar(255) COLLATE utf8_unicode_ci NOT NULL,
  `handle` varchar(255) COLLATE utf8_unicode_ci NOT NULL,
  `hasUrls` tinyint(1) unsigned NOT NULL DEFAULT '1',
  `template` varchar(500) COLLATE utf8_unicode_ci DEFAULT NULL,
  `dateCreated` datetime NOT NULL,
  `dateUpdated` datetime NOT NULL,
  `uid` char(36) COLLATE utf8_unicode_ci NOT NULL DEFAULT '0',
  PRIMARY KEY (`id`),
  UNIQUE KEY `craft_categorygroups_name_unq_idx` (`name`),
  UNIQUE KEY `craft_categorygroups_handle_unq_idx` (`handle`),
  KEY `craft_categorygroups_structureId_fk` (`structureId`),
  KEY `craft_categorygroups_fieldLayoutId_fk` (`fieldLayoutId`)
) ENGINE=InnoDB DEFAULT CHARSET=utf8 COLLATE=utf8_unicode_ci;

DROP TABLE IF EXISTS `craft_categorygroups_i18n`;


--
-- Schema for table `craft_categorygroups_i18n`
--
CREATE TABLE `craft_categorygroups_i18n` (
  `id` int(11) NOT NULL AUTO_INCREMENT,
  `groupId` int(11) NOT NULL,
  `locale` char(12) COLLATE utf8_unicode_ci NOT NULL,
  `urlFormat` text COLLATE utf8_unicode_ci,
  `nestedUrlFormat` text COLLATE utf8_unicode_ci,
  `dateCreated` datetime NOT NULL,
  `dateUpdated` datetime NOT NULL,
  `uid` char(36) COLLATE utf8_unicode_ci NOT NULL DEFAULT '0',
  PRIMARY KEY (`id`),
  UNIQUE KEY `craft_categorygroups_i18n_groupId_locale_unq_idx` (`groupId`,`locale`),
  KEY `craft_categorygroups_i18n_locale_fk` (`locale`)
) ENGINE=InnoDB DEFAULT CHARSET=utf8 COLLATE=utf8_unicode_ci;

DROP TABLE IF EXISTS `craft_commerce_addresses`;


--
-- Schema for table `craft_commerce_addresses`
--
CREATE TABLE `craft_commerce_addresses` (
  `id` int(11) NOT NULL AUTO_INCREMENT,
  `attention` varchar(255) COLLATE utf8_unicode_ci DEFAULT NULL,
  `title` varchar(255) COLLATE utf8_unicode_ci DEFAULT NULL,
  `firstName` varchar(255) COLLATE utf8_unicode_ci NOT NULL,
  `lastName` varchar(255) COLLATE utf8_unicode_ci NOT NULL,
  `countryId` int(10) DEFAULT NULL,
  `stateId` int(10) DEFAULT NULL,
  `address1` varchar(255) COLLATE utf8_unicode_ci DEFAULT NULL,
  `address2` varchar(255) COLLATE utf8_unicode_ci DEFAULT NULL,
  `city` varchar(255) COLLATE utf8_unicode_ci DEFAULT NULL,
  `zipCode` varchar(255) COLLATE utf8_unicode_ci DEFAULT NULL,
  `phone` varchar(255) COLLATE utf8_unicode_ci DEFAULT NULL,
  `alternativePhone` varchar(255) COLLATE utf8_unicode_ci DEFAULT NULL,
  `businessName` varchar(255) COLLATE utf8_unicode_ci DEFAULT NULL,
  `businessTaxId` varchar(255) COLLATE utf8_unicode_ci DEFAULT NULL,
  `businessId` varchar(255) COLLATE utf8_unicode_ci DEFAULT NULL,
  `stateName` varchar(255) COLLATE utf8_unicode_ci DEFAULT NULL,
  `dateCreated` datetime NOT NULL,
  `dateUpdated` datetime NOT NULL,
  `uid` char(36) COLLATE utf8_unicode_ci NOT NULL DEFAULT '0',
  PRIMARY KEY (`id`),
  KEY `craft_commerce_addresses_countryId_fk` (`countryId`),
  KEY `craft_commerce_addresses_stateId_fk` (`stateId`)
) ENGINE=InnoDB AUTO_INCREMENT=6 DEFAULT CHARSET=utf8 COLLATE=utf8_unicode_ci;

--
-- Data for table `craft_commerce_addresses`
--

INSERT INTO `craft_commerce_addresses` (`id`, `attention`, `title`, `firstName`, `lastName`, `countryId`, `stateId`, `address1`, `address2`, `city`, `zipCode`, `phone`, `alternativePhone`, `businessName`, `businessTaxId`, `businessId`, `stateName`, `dateCreated`, `dateUpdated`, `uid`) VALUES
 ('2', '', 'Mr', 'Masato', 'Seki', '77', NULL, 'The Neighbourhood Design Limited, 24 Lever Street, 4th Floor', '', 'Manchester', 'M1 1DZ', '07528180203', '07528180203', 'The Neighbourhood Design Ltd', '', '', NULL, '2017-06-05 21:21:25', '2017-06-05 21:21:25', '3b1f51a9-34eb-48b0-93f5-21ea04ac152f'),
 ('3', '', 'Mr', 'Masato', 'Seki', '77', NULL, 'The Neighbourhood Design Limited, 24 Lever Street, 4th Floor', '', 'Manchester', 'M1 1DZ', '07528180203', '07528180203', 'The Neighbourhood Design Ltd', '', '', NULL, '2017-06-05 21:21:25', '2017-06-05 21:21:25', '352fb7d3-4f31-45cd-878f-50f20fbbf061'),
 ('4', 'Masato', 'Mr', 'Masato', 'Seki', '77', NULL, 'The Neighbourhood Design Limited, 24 Lever Street, 4th Floor', 'Manchester', 'Manchester', 'M1 1DZ', '7528180203', '7528180203', 'The Neighbourhood Design Ltd', 'The Neighbourhood Design Ltd', 'The Neighbourhood Design Ltd', NULL, '2017-06-08 00:46:34', '2017-06-08 00:46:34', '8d4293fc-da62-42ab-8986-59f6945c928b'),
 ('5', 'Masato', 'Masato', 'Masato', 'Seki', '77', NULL, 'The Neighbourhood Design Limited, 24 Lever Street, 4th Floor', 'Manchester', 'Manchester', 'M1 1DZ', '7528180203', '7528180203', 'The Neighbourhood Design Ltd', 'The Neighbourhood Design Ltd', 'The Neighbourhood Design Ltd', NULL, '2017-06-21 20:13:19', '2017-06-21 20:13:19', '50101eb9-cdab-46b7-8ce7-490d169343b9');



DROP TABLE IF EXISTS `craft_commerce_countries`;


--
-- Schema for table `craft_commerce_countries`
--
CREATE TABLE `craft_commerce_countries` (
  `id` int(11) NOT NULL AUTO_INCREMENT,
  `name` varchar(255) COLLATE utf8_unicode_ci NOT NULL,
  `iso` varchar(2) COLLATE utf8_unicode_ci NOT NULL,
  `stateRequired` tinyint(1) unsigned NOT NULL DEFAULT '0',
  `dateCreated` datetime NOT NULL,
  `dateUpdated` datetime NOT NULL,
  `uid` char(36) COLLATE utf8_unicode_ci NOT NULL DEFAULT '0',
  PRIMARY KEY (`id`),
  UNIQUE KEY `craft_commerce_countries_name_unq_idx` (`name`),
  UNIQUE KEY `craft_commerce_countries_iso_unq_idx` (`iso`)
) ENGINE=InnoDB AUTO_INCREMENT=250 DEFAULT CHARSET=utf8 COLLATE=utf8_unicode_ci;

--
-- Data for table `craft_commerce_countries`
--

INSERT INTO `craft_commerce_countries` (`id`, `name`, `iso`, `stateRequired`, `dateCreated`, `dateUpdated`, `uid`) VALUES
 ('1', 'Andorra', 'AD', '0', '2017-06-05 00:30:42', '2017-06-05 00:30:42', '1c4a6421-c648-4ec6-8569-fabcba436265'),
 ('2', 'United Arab Emirates', 'AE', '0', '2017-06-05 00:30:42', '2017-06-05 00:30:42', '2be9de3c-6af6-40f0-b6c9-91dc01c797d5'),
 ('3', 'Afghanistan', 'AF', '0', '2017-06-05 00:30:42', '2017-06-05 00:30:42', '079fdf47-c61f-441d-aa4b-fc1b25c9a37b'),
 ('4', 'Antigua and Barbuda', 'AG', '0', '2017-06-05 00:30:42', '2017-06-05 00:30:42', '0d008ed8-439d-4f7c-9ae3-73f85d167d31'),
 ('5', 'Anguilla', 'AI', '0', '2017-06-05 00:30:42', '2017-06-05 00:30:42', '2726d6d5-47f7-4f06-a40b-bea0a77a57ff'),
 ('6', 'Albania', 'AL', '0', '2017-06-05 00:30:42', '2017-06-05 00:30:42', '29a19543-eaa7-4ba9-a391-f3826b8389b7'),
 ('7', 'Armenia', 'AM', '0', '2017-06-05 00:30:42', '2017-06-05 00:30:42', 'a57f4831-0eba-48bc-a5df-84d0576b787b'),
 ('8', 'Angola', 'AO', '0', '2017-06-05 00:30:42', '2017-06-05 00:30:42', 'c82e9fcd-a356-4314-a372-2bb1d89fa19f'),
 ('9', 'Antarctica', 'AQ', '0', '2017-06-05 00:30:42', '2017-06-05 00:30:42', 'bef7af36-e385-49a7-92e6-61ecc7f7fa00'),
 ('10', 'Argentina', 'AR', '0', '2017-06-05 00:30:42', '2017-06-05 00:30:42', '62b2ec05-a373-4432-81e3-d93e0cf9ffba'),
 ('11', 'American Samoa', 'AS', '0', '2017-06-05 00:30:42', '2017-06-05 00:30:42', '7ededf38-ab98-4f01-b24d-48c16eb9eb61'),
 ('12', 'Austria', 'AT', '0', '2017-06-05 00:30:42', '2017-06-05 00:30:42', 'f30dceb1-b4ab-4677-adec-bde5cbbeea79'),
 ('13', 'Australia', 'AU', '0', '2017-06-05 00:30:42', '2017-06-05 00:30:42', '490eb6a6-df63-423e-85e6-f2b7e3e52881'),
 ('14', 'Aruba', 'AW', '0', '2017-06-05 00:30:42', '2017-06-05 00:30:42', '584fee27-9894-4298-a675-a071380c660e'),
 ('15', 'Aland Islands', 'AX', '0', '2017-06-05 00:30:42', '2017-06-05 00:30:42', 'bf57b60c-39ef-4220-9f8c-5eae6152621e'),
 ('16', 'Azerbaijan', 'AZ', '0', '2017-06-05 00:30:42', '2017-06-05 00:30:42', 'fe541ec2-588c-4728-b8ce-e01fb6096408'),
 ('17', 'Bosnia and Herzegovina', 'BA', '0', '2017-06-05 00:30:42', '2017-06-05 00:30:42', '302b943c-46d3-49ab-b05c-25119ec8aaa3'),
 ('18', 'Barbados', 'BB', '0', '2017-06-05 00:30:42', '2017-06-05 00:30:42', '0e61e0ff-8355-47c6-b01e-5468fa969ee8'),
 ('19', 'Bangladesh', 'BD', '0', '2017-06-05 00:30:42', '2017-06-05 00:30:42', '2751b81c-072e-491c-8ee8-ed26609f7b88'),
 ('20', 'Belgium', 'BE', '0', '2017-06-05 00:30:42', '2017-06-05 00:30:42', '9aa125c8-cde0-4351-ab0b-5a165de22fd4'),
 ('21', 'Burkina Faso', 'BF', '0', '2017-06-05 00:30:42', '2017-06-05 00:30:42', '06eed3e6-2570-4500-be84-9ecf4bf38601'),
 ('22', 'Bulgaria', 'BG', '0', '2017-06-05 00:30:42', '2017-06-05 00:30:42', 'fde12629-0f3b-4901-b9cc-1d3f701334b2'),
 ('23', 'Bahrain', 'BH', '0', '2017-06-05 00:30:42', '2017-06-05 00:30:42', '03ca79c2-37df-4292-a8ff-c3215beb6f0f'),
 ('24', 'Burundi', 'BI', '0', '2017-06-05 00:30:42', '2017-06-05 00:30:42', '85c21323-96aa-439d-8543-d013c6f507da'),
 ('25', 'Benin', 'BJ', '0', '2017-06-05 00:30:42', '2017-06-05 00:30:42', 'b09e4659-333f-4b40-8da2-2db96a5ebe95'),
 ('26', 'Saint Barthelemy', 'BL', '0', '2017-06-05 00:30:42', '2017-06-05 00:30:42', '31a76bac-d69e-4b87-8b80-a7a3a365ffe2'),
 ('27', 'Bermuda', 'BM', '0', '2017-06-05 00:30:42', '2017-06-05 00:30:42', 'adbfd854-6127-499f-ba14-792eb0bdaea1'),
 ('28', 'Brunei Darussalam', 'BN', '0', '2017-06-05 00:30:42', '2017-06-05 00:30:42', '709744fe-33c7-4dc3-8648-c1de637523fe'),
 ('29', 'Bolivia', 'BO', '0', '2017-06-05 00:30:42', '2017-06-05 00:30:42', '837f45bf-666f-4dd8-a04e-536bacd85988'),
 ('30', 'Bonaire, Sint Eustatius and Saba', 'BQ', '0', '2017-06-05 00:30:42', '2017-06-05 00:30:42', '6a10fd26-70ff-4dba-b580-288dad370e98'),
 ('31', 'Brazil', 'BR', '0', '2017-06-05 00:30:42', '2017-06-05 00:30:42', '0962bbe5-c0d4-4bf2-bc05-a125243f4e5e'),
 ('32', 'Bahamas', 'BS', '0', '2017-06-05 00:30:42', '2017-06-05 00:30:42', '7b5b80ad-ae72-4b8e-abb3-25935b54d1f0'),
 ('33', 'Bhutan', 'BT', '0', '2017-06-05 00:30:42', '2017-06-05 00:30:42', '898ab3c9-f4eb-4508-ba8a-bb4c26fedcbb'),
 ('34', 'Bouvet Island', 'BV', '0', '2017-06-05 00:30:42', '2017-06-05 00:30:42', '2c2c70db-8b47-409c-a95d-48a904467d15'),
 ('35', 'Botswana', 'BW', '0', '2017-06-05 00:30:42', '2017-06-05 00:30:42', '210c223e-3a89-4661-821b-ff9df37d9a03'),
 ('36', 'Belarus', 'BY', '0', '2017-06-05 00:30:42', '2017-06-05 00:30:42', '4c3feefc-0f17-449b-9b09-7214fdb3758d'),
 ('37', 'Belize', 'BZ', '0', '2017-06-05 00:30:42', '2017-06-05 00:30:42', 'd17cfdef-0627-4032-9914-c6dd07359351'),
 ('38', 'Canada', 'CA', '0', '2017-06-05 00:30:42', '2017-06-05 00:30:42', '403b6b84-3e89-4dbb-b177-049dbb2afb75'),
 ('39', 'Cocos (Keeling) Islands', 'CC', '0', '2017-06-05 00:30:42', '2017-06-05 00:30:42', '660c1566-f0ec-4eb3-b5e9-040234761c60'),
 ('40', 'Democratic Republic of Congo', 'CD', '0', '2017-06-05 00:30:42', '2017-06-05 00:30:42', '06e7f5b5-6b04-4501-b8f3-9697df6e5290'),
 ('41', 'Central African Republic', 'CF', '0', '2017-06-05 00:30:42', '2017-06-05 00:30:42', 'c69c1687-5211-4cce-a5af-cd77a429ed49'),
 ('42', 'Congo', 'CG', '0', '2017-06-05 00:30:42', '2017-06-05 00:30:42', '48ef6992-a807-4b6a-bc40-372641d22508'),
 ('43', 'Switzerland', 'CH', '0', '2017-06-05 00:30:42', '2017-06-05 00:30:42', '10004a27-9690-48bc-a315-7a53c57db007'),
 ('44', 'Ivory Coast', 'CI', '0', '2017-06-05 00:30:42', '2017-06-05 00:30:42', '74dd65c4-9cf4-42f3-a2d5-6c770e85147b'),
 ('45', 'Cook Islands', 'CK', '0', '2017-06-05 00:30:42', '2017-06-05 00:30:42', 'b9723065-3be1-46b9-9ec8-639931a40eb9'),
 ('46', 'Chile', 'CL', '0', '2017-06-05 00:30:42', '2017-06-05 00:30:42', '169ee81b-6d38-4c97-a18e-f682d8e382a6'),
 ('47', 'Cameroon', 'CM', '0', '2017-06-05 00:30:42', '2017-06-05 00:30:42', '471ac846-d21f-4e37-a64f-a3ff89b430b2'),
 ('48', 'China', 'CN', '0', '2017-06-05 00:30:42', '2017-06-05 00:30:42', '2554c052-2595-4cce-9d4b-fd87b11a6888'),
 ('49', 'Colombia', 'CO', '0', '2017-06-05 00:30:42', '2017-06-05 00:30:42', '85e3c240-f0d0-485e-9d46-0e4c95b13d48'),
 ('50', 'Costa Rica', 'CR', '0', '2017-06-05 00:30:42', '2017-06-05 00:30:42', '9387d92c-074e-4c02-ad31-04d4187e86d2'),
 ('51', 'Cuba', 'CU', '0', '2017-06-05 00:30:42', '2017-06-05 00:30:42', 'dcaf47eb-35ce-433e-813c-922e92c5fe60'),
 ('52', 'Cape Verde', 'CV', '0', '2017-06-05 00:30:42', '2017-06-05 00:30:42', '39549142-6f11-4117-ab01-b40aee58d66f'),
 ('53', 'Curacao', 'CW', '0', '2017-06-05 00:30:42', '2017-06-05 00:30:42', '7932c5e0-113e-474f-8aaf-5b323d9f2356'),
 ('54', 'Christmas Island', 'CX', '0', '2017-06-05 00:30:42', '2017-06-05 00:30:42', '6f823bc8-98f2-4c20-b672-cbdbda5155e9'),
 ('55', 'Cyprus', 'CY', '0', '2017-06-05 00:30:42', '2017-06-05 00:30:42', '82ead52e-d717-41ce-b808-48062f20df01'),
 ('56', 'Czech Republic', 'CZ', '0', '2017-06-05 00:30:42', '2017-06-05 00:30:42', '30510726-4bf1-4d5e-b98a-5c4b3c3ce623'),
 ('57', 'Germany', 'DE', '0', '2017-06-05 00:30:42', '2017-06-05 00:30:42', '6b1c2cc1-a060-4a4f-b820-f126100195bc'),
 ('58', 'Djibouti', 'DJ', '0', '2017-06-05 00:30:42', '2017-06-05 00:30:42', 'f006a5bd-b401-4659-826c-3fc45e8da084'),
 ('59', 'Denmark', 'DK', '0', '2017-06-05 00:30:42', '2017-06-05 00:30:42', 'ebecb3c2-b808-46e9-a893-728b8bcaceea'),
 ('60', 'Dominica', 'DM', '0', '2017-06-05 00:30:42', '2017-06-05 00:30:42', '19cd337c-469b-4f21-a728-a74485426468'),
 ('61', 'Dominican Republic', 'DO', '0', '2017-06-05 00:30:42', '2017-06-05 00:30:42', 'a47ce626-03b1-4d6b-89cc-69023c163ce3'),
 ('62', 'Algeria', 'DZ', '0', '2017-06-05 00:30:42', '2017-06-05 00:30:42', '9c9a0968-7045-42c8-ba88-13ffcf06a137'),
 ('63', 'Ecuador', 'EC', '0', '2017-06-05 00:30:42', '2017-06-05 00:30:42', '90b22261-a137-4111-afdc-f5558ec90104'),
 ('64', 'Estonia', 'EE', '0', '2017-06-05 00:30:42', '2017-06-05 00:30:42', 'be12e232-a496-46d2-9038-c463ad3ebc28'),
 ('65', 'Egypt', 'EG', '0', '2017-06-05 00:30:42', '2017-06-05 00:30:42', '5ccfa9ce-8f46-40f7-a3fe-5b0a66959ed3'),
 ('66', 'Western Sahara', 'EH', '0', '2017-06-05 00:30:42', '2017-06-05 00:30:42', 'ee4f2066-91b0-454c-8342-0fe05db61ac2'),
 ('67', 'Eritrea', 'ER', '0', '2017-06-05 00:30:42', '2017-06-05 00:30:42', '4b0463cd-2e7f-4a3c-a897-6b9a9202a30c'),
 ('68', 'Spain', 'ES', '0', '2017-06-05 00:30:42', '2017-06-05 00:30:42', 'ab5f383e-46cc-4a10-8491-4817b4db02b0'),
 ('69', 'Ethiopia', 'ET', '0', '2017-06-05 00:30:42', '2017-06-05 00:30:42', 'd3b815e6-7fbe-447a-bf32-198cb65d0b06'),
 ('70', 'Finland', 'FI', '0', '2017-06-05 00:30:42', '2017-06-05 00:30:42', '95de96a4-5c5a-4141-8723-d83cf85d59e9'),
 ('71', 'Fiji', 'FJ', '0', '2017-06-05 00:30:42', '2017-06-05 00:30:42', 'b9893a32-2636-43b2-87e8-d4799f24e7a8'),
 ('72', 'Falkland Islands (Malvinas)', 'FK', '0', '2017-06-05 00:30:42', '2017-06-05 00:30:42', 'cc398f29-5b06-4174-a966-202698c0c491'),
 ('73', 'Micronesia', 'FM', '0', '2017-06-05 00:30:42', '2017-06-05 00:30:42', '0cbdad28-627f-4e0a-9656-3e9c1c4d01bb'),
 ('74', 'Faroe Islands', 'FO', '0', '2017-06-05 00:30:42', '2017-06-05 00:30:42', '21d1259b-dfa2-41fb-bad8-84de86608cbe'),
 ('75', 'France', 'FR', '0', '2017-06-05 00:30:42', '2017-06-05 00:30:42', 'c9e23978-7b30-4c59-b2e8-02eea783e61b'),
 ('76', 'Gabon', 'GA', '0', '2017-06-05 00:30:42', '2017-06-05 00:30:42', 'd1ee1245-5adb-445b-91f7-e12a3e808a60'),
 ('77', 'United Kingdom', 'GB', '0', '2017-06-05 00:30:42', '2017-06-05 00:30:42', '532ad1a6-c33b-4d9a-aece-23679fd8b1e8'),
 ('78', 'Grenada', 'GD', '0', '2017-06-05 00:30:42', '2017-06-05 00:30:42', '7c92d5e6-e4c0-4524-b9c8-ed24a118353d'),
 ('79', 'Georgia', 'GE', '0', '2017-06-05 00:30:42', '2017-06-05 00:30:42', '5ac08a5b-fb96-4154-a995-dee73fafc8bd'),
 ('80', 'French Guiana', 'GF', '0', '2017-06-05 00:30:42', '2017-06-05 00:30:42', 'f7454200-cbc4-4154-8c28-7cc759ffd70d'),
 ('81', 'Guernsey', 'GG', '0', '2017-06-05 00:30:42', '2017-06-05 00:30:42', '2aac6909-0e85-47be-8293-eb58fcc81587'),
 ('82', 'Ghana', 'GH', '0', '2017-06-05 00:30:42', '2017-06-05 00:30:42', 'c4acf88d-adaf-4760-88a6-e2e394cf1a74'),
 ('83', 'Gibraltar', 'GI', '0', '2017-06-05 00:30:42', '2017-06-05 00:30:42', 'f0f283ed-8dbc-4dab-b15f-31d681b0689a'),
 ('84', 'Greenland', 'GL', '0', '2017-06-05 00:30:42', '2017-06-05 00:30:42', 'b289a8c2-583f-4f52-b912-dce57cb975da'),
 ('85', 'Gambia', 'GM', '0', '2017-06-05 00:30:42', '2017-06-05 00:30:42', '8a150a8e-2a25-4496-9cc6-683b97fa4956'),
 ('86', 'Guinea', 'GN', '0', '2017-06-05 00:30:42', '2017-06-05 00:30:42', 'f06d7248-38fa-467d-8672-99110b81e4f0'),
 ('87', 'Guadeloupe', 'GP', '0', '2017-06-05 00:30:42', '2017-06-05 00:30:42', 'f9d7d6b1-e89e-4444-b879-0cf80eaa5834'),
 ('88', 'Equatorial Guinea', 'GQ', '0', '2017-06-05 00:30:42', '2017-06-05 00:30:42', '63d6e0e0-4abe-4c11-aaac-6ed95dacb702'),
 ('89', 'Greece', 'GR', '0', '2017-06-05 00:30:42', '2017-06-05 00:30:42', 'b54623c5-6922-4380-a7f7-b67880f06a11'),
 ('90', 'S. Georgia and S. Sandwich Isls.', 'GS', '0', '2017-06-05 00:30:42', '2017-06-05 00:30:42', '9714edc7-0834-4467-96f3-0739fa39d6c4'),
 ('91', 'Guatemala', 'GT', '0', '2017-06-05 00:30:42', '2017-06-05 00:30:42', '90d33526-2636-4fdb-9ce1-20b97e7bd2b5'),
 ('92', 'Guam', 'GU', '0', '2017-06-05 00:30:42', '2017-06-05 00:30:42', '0a8e12c9-9db8-4e70-9a70-92e6ac7e051f'),
 ('93', 'Guinea-Bissau', 'GW', '0', '2017-06-05 00:30:42', '2017-06-05 00:30:42', '73ca4016-5b1d-4ef3-9e24-794c3d89cc8b'),
 ('94', 'Guyana', 'GY', '0', '2017-06-05 00:30:42', '2017-06-05 00:30:42', 'b2c05c56-aec5-46f9-9fcb-aff9678114d2'),
 ('95', 'Hong Kong', 'HK', '0', '2017-06-05 00:30:42', '2017-06-05 00:30:42', '36805968-3072-4a03-8a2f-d0013fb76b3b'),
 ('96', 'Heard and McDonald Islands', 'HM', '0', '2017-06-05 00:30:42', '2017-06-05 00:30:42', '1573f0fa-c0f4-44ae-901d-5045274aef77'),
 ('97', 'Honduras', 'HN', '0', '2017-06-05 00:30:42', '2017-06-05 00:30:42', 'f00d9fe1-2644-43c3-8258-1159f2f93c5b'),
 ('98', 'Croatia (Hrvatska)', 'HR', '0', '2017-06-05 00:30:42', '2017-06-05 00:30:42', '7dd8e42f-8199-42fe-9593-f308af8ef6cc'),
 ('99', 'Haiti', 'HT', '0', '2017-06-05 00:30:42', '2017-06-05 00:30:42', '5fb001c7-3c90-469a-95c9-8923e619d41a'),
 ('100', 'Hungary', 'HU', '0', '2017-06-05 00:30:42', '2017-06-05 00:30:42', 'e4ff5cb4-7008-4b85-a4fd-36b43de48008');
INSERT INTO `craft_commerce_countries` (`id`, `name`, `iso`, `stateRequired`, `dateCreated`, `dateUpdated`, `uid`) VALUES
 ('101', 'Indonesia', 'ID', '0', '2017-06-05 00:30:42', '2017-06-05 00:30:42', 'ad230adb-9695-4c31-961f-f4b92c66bc2d'),
 ('102', 'Ireland', 'IE', '0', '2017-06-05 00:30:42', '2017-06-05 00:30:42', '7f6d88b1-a936-4554-9c42-0291b3ff990e'),
 ('103', 'Israel', 'IL', '0', '2017-06-05 00:30:42', '2017-06-05 00:30:42', 'fa6a28bc-4b49-4bea-baff-34fc4cede1f5'),
 ('104', 'Isle Of Man', 'IM', '0', '2017-06-05 00:30:42', '2017-06-05 00:30:42', '78d87fc9-8300-4b74-a15c-2c5375bad325'),
 ('105', 'India', 'IN', '0', '2017-06-05 00:30:42', '2017-06-05 00:30:42', 'd26cb345-0480-46d4-b702-6bb7a63b4086'),
 ('106', 'British Indian Ocean Territory', 'IO', '0', '2017-06-05 00:30:42', '2017-06-05 00:30:42', 'ac122ab0-8daa-436d-b30c-ff6e9c8698c4'),
 ('107', 'Iraq', 'IQ', '0', '2017-06-05 00:30:42', '2017-06-05 00:30:42', 'eafdeac4-3c4e-4f2e-aa3a-f53ecb2aa507'),
 ('108', 'Iran', 'IR', '0', '2017-06-05 00:30:42', '2017-06-05 00:30:42', 'dbadb650-7896-4963-b17d-78272718ef18'),
 ('109', 'Iceland', 'IS', '0', '2017-06-05 00:30:42', '2017-06-05 00:30:42', '5398ad2f-09be-4372-a40f-1b40ed56eb79'),
 ('110', 'Italy', 'IT', '0', '2017-06-05 00:30:42', '2017-06-05 00:30:42', '8f02970c-0876-4378-80cd-9eeba001d841'),
 ('111', 'Jersey', 'JE', '0', '2017-06-05 00:30:42', '2017-06-05 00:30:42', '07f7270a-3d26-480f-98df-2fe347c730a8'),
 ('112', 'Jamaica', 'JM', '0', '2017-06-05 00:30:42', '2017-06-05 00:30:42', '2ee70d1a-f09e-4bf8-b2ef-ca1070d3a0e5'),
 ('113', 'Jordan', 'JO', '0', '2017-06-05 00:30:42', '2017-06-05 00:30:42', 'e549c882-5f43-4693-bcbd-e8a4d8d82df9'),
 ('114', 'Japan', 'JP', '0', '2017-06-05 00:30:42', '2017-06-05 00:30:42', '3f59f424-2257-4f82-b9df-9f0959c5e009'),
 ('115', 'Kenya', 'KE', '0', '2017-06-05 00:30:42', '2017-06-05 00:30:42', '38c1f34f-0e28-4ed2-8858-3c36794adbdd'),
 ('116', 'Kyrgyzstan', 'KG', '0', '2017-06-05 00:30:42', '2017-06-05 00:30:42', 'd8e07803-6e61-4fd6-a716-4faed881a46f'),
 ('117', 'Cambodia', 'KH', '0', '2017-06-05 00:30:42', '2017-06-05 00:30:42', '27155ef2-ee4d-4722-b522-4886c13f0e67'),
 ('118', 'Kiribati', 'KI', '0', '2017-06-05 00:30:42', '2017-06-05 00:30:42', 'a325bf13-37e1-4b7b-9b1e-031781f91417'),
 ('119', 'Comoros', 'KM', '0', '2017-06-05 00:30:42', '2017-06-05 00:30:42', '41bf4d01-118e-4aa3-ab88-a3c563073df0'),
 ('120', 'Saint Kitts and Nevis', 'KN', '0', '2017-06-05 00:30:42', '2017-06-05 00:30:42', '6978e1d1-d31d-42f8-b031-95bc44ca080b'),
 ('121', 'Korea (North)', 'KP', '0', '2017-06-05 00:30:42', '2017-06-05 00:30:42', '4c286c70-f031-4a19-b490-5bbc7dd2f8d1'),
 ('122', 'Korea (South)', 'KR', '0', '2017-06-05 00:30:42', '2017-06-05 00:30:42', '924aad31-f842-4fe1-aeb4-226e12e1c203'),
 ('123', 'Kuwait', 'KW', '0', '2017-06-05 00:30:42', '2017-06-05 00:30:42', '81038023-94fc-4330-8ee8-67eb44511c22'),
 ('124', 'Cayman Islands', 'KY', '0', '2017-06-05 00:30:42', '2017-06-05 00:30:42', '2fcf914e-efd1-4852-9eb7-b479c3033198'),
 ('125', 'Kazakhstan', 'KZ', '0', '2017-06-05 00:30:42', '2017-06-05 00:30:42', 'b5aac1c6-120c-4133-823e-22862b2b8ec4'),
 ('126', 'Laos', 'LA', '0', '2017-06-05 00:30:42', '2017-06-05 00:30:42', '77d3ba54-a531-4148-b5a2-d409f8f6b265'),
 ('127', 'Lebanon', 'LB', '0', '2017-06-05 00:30:42', '2017-06-05 00:30:42', '3a13fff5-f25d-477c-b19b-34045ed131d1'),
 ('128', 'Saint Lucia', 'LC', '0', '2017-06-05 00:30:42', '2017-06-05 00:30:42', '78961cdf-5577-4538-be7b-65651424558d'),
 ('129', 'Liechtenstein', 'LI', '0', '2017-06-05 00:30:42', '2017-06-05 00:30:42', 'a8fed700-cac3-4a7a-8658-e2712394caa2'),
 ('130', 'Sri Lanka', 'LK', '0', '2017-06-05 00:30:42', '2017-06-05 00:30:42', '03f09101-0cf3-4762-94f3-e3693ecc122d'),
 ('131', 'Liberia', 'LR', '0', '2017-06-05 00:30:42', '2017-06-05 00:30:42', '97a4fc04-2e2f-4cd1-9f35-5de7bb6165be'),
 ('132', 'Lesotho', 'LS', '0', '2017-06-05 00:30:42', '2017-06-05 00:30:42', '7bb87567-2a4a-4859-a411-7246281f93aa'),
 ('133', 'Lithuania', 'LT', '0', '2017-06-05 00:30:42', '2017-06-05 00:30:42', '0c9c79f8-1297-4074-8f98-ec87b171bc4f'),
 ('134', 'Luxembourg', 'LU', '0', '2017-06-05 00:30:42', '2017-06-05 00:30:42', '1b466305-6a5c-47ab-b838-7f5abe48ef5a'),
 ('135', 'Latvia', 'LV', '0', '2017-06-05 00:30:42', '2017-06-05 00:30:42', 'c6729d38-10fa-4c6c-870b-7c5531933e78'),
 ('136', 'Libya', 'LY', '0', '2017-06-05 00:30:42', '2017-06-05 00:30:42', '55515599-383c-4ffd-881b-023760d999a5'),
 ('137', 'Morocco', 'MA', '0', '2017-06-05 00:30:42', '2017-06-05 00:30:42', '6f5cd713-5b5a-4265-ac96-6f8c0dc2b581'),
 ('138', 'Monaco', 'MC', '0', '2017-06-05 00:30:42', '2017-06-05 00:30:42', 'c11e0241-58c4-4c63-98ce-8b09d0b0ca9f'),
 ('139', 'Moldova', 'MD', '0', '2017-06-05 00:30:42', '2017-06-05 00:30:42', 'aaec08ab-4b8b-403d-bb10-f65b6ba527e5'),
 ('140', 'Montenegro', 'ME', '0', '2017-06-05 00:30:42', '2017-06-05 00:30:42', '653df37f-ad6a-4a92-ac20-5036af7b452e'),
 ('141', 'Saint Martin (French part)', 'MF', '0', '2017-06-05 00:30:42', '2017-06-05 00:30:42', '8828f334-21e1-4dcd-b354-52bdbd73850e'),
 ('142', 'Madagascar', 'MG', '0', '2017-06-05 00:30:42', '2017-06-05 00:30:42', '753bf0ae-9e67-470e-beb1-0e9034bc29d4'),
 ('143', 'Marshall Islands', 'MH', '0', '2017-06-05 00:30:42', '2017-06-05 00:30:42', '77f708dc-e0b5-4628-8872-3bf99e54c017'),
 ('144', 'Macedonia', 'MK', '0', '2017-06-05 00:30:42', '2017-06-05 00:30:42', 'fe93b392-db59-4437-bbfc-fb7263630260'),
 ('145', 'Mali', 'ML', '0', '2017-06-05 00:30:42', '2017-06-05 00:30:42', '2ea93e85-5fa8-4ab6-af79-94a30de52332'),
 ('146', 'Burma (Myanmar)', 'MM', '0', '2017-06-05 00:30:42', '2017-06-05 00:30:42', 'b56c2b20-3594-4358-9999-86533adab6be'),
 ('147', 'Mongolia', 'MN', '0', '2017-06-05 00:30:42', '2017-06-05 00:30:42', 'c4c7aed2-23b2-4d0c-bee9-3d5ec2f07044'),
 ('148', 'Macau', 'MO', '0', '2017-06-05 00:30:42', '2017-06-05 00:30:42', 'bdc239b0-d018-4f48-9de7-350b1badc583'),
 ('149', 'Northern Mariana Islands', 'MP', '0', '2017-06-05 00:30:42', '2017-06-05 00:30:42', '8955d678-cfb6-4d19-b381-8315e740d6a7'),
 ('150', 'Martinique', 'MQ', '0', '2017-06-05 00:30:42', '2017-06-05 00:30:42', '906e9305-798b-4999-9c72-fcbf0712e99b'),
 ('151', 'Mauritania', 'MR', '0', '2017-06-05 00:30:42', '2017-06-05 00:30:42', '11b0a672-fb14-4d97-92d2-c0391ded68ef'),
 ('152', 'Montserrat', 'MS', '0', '2017-06-05 00:30:42', '2017-06-05 00:30:42', 'd7c9378d-9baa-44e1-8b1e-32eb4dbc5e12'),
 ('153', 'Malta', 'MT', '0', '2017-06-05 00:30:42', '2017-06-05 00:30:42', 'b9a81d4c-334b-4525-9674-c8b56970ff0f'),
 ('154', 'Mauritius', 'MU', '0', '2017-06-05 00:30:42', '2017-06-05 00:30:42', '3d1d38f2-e42b-4db4-98cf-fea3640ce73e'),
 ('155', 'Maldives', 'MV', '0', '2017-06-05 00:30:42', '2017-06-05 00:30:42', '578d3551-e134-4fa6-8049-3694f7f16385'),
 ('156', 'Malawi', 'MW', '0', '2017-06-05 00:30:42', '2017-06-05 00:30:42', '2532f94c-8090-4499-8434-994e58b1b504'),
 ('157', 'Mexico', 'MX', '0', '2017-06-05 00:30:42', '2017-06-05 00:30:42', 'e5336318-6229-4526-8b66-314bc0ed4fc7'),
 ('158', 'Malaysia', 'MY', '0', '2017-06-05 00:30:42', '2017-06-05 00:30:42', 'b02e9041-5502-407b-8f29-05ec394a0015'),
 ('159', 'Mozambique', 'MZ', '0', '2017-06-05 00:30:42', '2017-06-05 00:30:42', 'b1c5b55c-4e81-444a-8f3c-211cc050b841'),
 ('160', 'Namibia', 'NA', '0', '2017-06-05 00:30:42', '2017-06-05 00:30:42', 'aabba61c-7373-43ba-a858-7c404f2f033a'),
 ('161', 'New Caledonia', 'NC', '0', '2017-06-05 00:30:42', '2017-06-05 00:30:42', '59a61ef9-8c3e-4905-a402-2fde383cd0c2'),
 ('162', 'Niger', 'NE', '0', '2017-06-05 00:30:42', '2017-06-05 00:30:42', '97a047aa-e648-47fe-8265-4294b87964e0'),
 ('163', 'Norfolk Island', 'NF', '0', '2017-06-05 00:30:42', '2017-06-05 00:30:42', '8bc11eca-3193-4480-9416-66c6df387845'),
 ('164', 'Nigeria', 'NG', '0', '2017-06-05 00:30:42', '2017-06-05 00:30:42', '60bc003b-d793-42ce-89b9-a270b203330d'),
 ('165', 'Nicaragua', 'NI', '0', '2017-06-05 00:30:42', '2017-06-05 00:30:42', 'fc4cbab8-e711-4856-a0ad-22ce88df7254'),
 ('166', 'Netherlands', 'NL', '0', '2017-06-05 00:30:42', '2017-06-05 00:30:42', '4c268dde-f81f-4a4c-8266-81b91b6c69ad'),
 ('167', 'Norway', 'NO', '0', '2017-06-05 00:30:42', '2017-06-05 00:30:42', 'f9caed73-798e-47ff-94c7-d3f1a7e7da1c'),
 ('168', 'Nepal', 'NP', '0', '2017-06-05 00:30:42', '2017-06-05 00:30:42', '78d5ff78-03e4-41f1-9a99-13a1f3daef1e'),
 ('169', 'Nauru', 'NR', '0', '2017-06-05 00:30:42', '2017-06-05 00:30:42', '0112d9d4-7bdf-49d5-bffd-e8e26b10d156'),
 ('170', 'Niue', 'NU', '0', '2017-06-05 00:30:42', '2017-06-05 00:30:42', '20309586-7673-4322-9b69-3236fe35956c'),
 ('171', 'New Zealand', 'NZ', '0', '2017-06-05 00:30:42', '2017-06-05 00:30:42', 'b6d233e9-6501-42e5-9ef9-a13130b77cd7'),
 ('172', 'Oman', 'OM', '0', '2017-06-05 00:30:42', '2017-06-05 00:30:42', '71eb6289-1ea2-4661-8d09-4020719bf042'),
 ('173', 'Panama', 'PA', '0', '2017-06-05 00:30:42', '2017-06-05 00:30:42', 'bb7214cf-1f04-4019-a046-575710fc8085'),
 ('174', 'Peru', 'PE', '0', '2017-06-05 00:30:42', '2017-06-05 00:30:42', '09f10927-9b1e-4c5e-830d-632b441158a9'),
 ('175', 'French Polynesia', 'PF', '0', '2017-06-05 00:30:42', '2017-06-05 00:30:42', '50c51ece-903f-4d94-b78c-b8f9e590eabc'),
 ('176', 'Papua New Guinea', 'PG', '0', '2017-06-05 00:30:42', '2017-06-05 00:30:42', '370543d8-9cd0-4b31-8ed2-269b18b82a87'),
 ('177', 'Philippines', 'PH', '0', '2017-06-05 00:30:42', '2017-06-05 00:30:42', '4fa4d1c6-6874-44da-88ff-72942283db35'),
 ('178', 'Pakistan', 'PK', '0', '2017-06-05 00:30:42', '2017-06-05 00:30:42', '3a8290f3-63d3-4c2e-8188-6efc72bba53f'),
 ('179', 'Poland', 'PL', '0', '2017-06-05 00:30:42', '2017-06-05 00:30:42', 'e54aba5a-360b-4dd3-89eb-962fd179478f'),
 ('180', 'St. Pierre and Miquelon', 'PM', '0', '2017-06-05 00:30:42', '2017-06-05 00:30:42', 'e91e304d-7d0c-4ad0-ae1f-56665580171a'),
 ('181', 'Pitcairn', 'PN', '0', '2017-06-05 00:30:42', '2017-06-05 00:30:42', 'beab3a3b-e154-4eda-9f6f-bef14c23b17b'),
 ('182', 'Puerto Rico', 'PR', '0', '2017-06-05 00:30:42', '2017-06-05 00:30:42', '9d034085-f6d1-408b-a507-5056c4b32a71'),
 ('183', 'Palestinian Territory, Occupied', 'PS', '0', '2017-06-05 00:30:42', '2017-06-05 00:30:42', '5462ff0b-afa0-4e89-b723-5de59392c538'),
 ('184', 'Portugal', 'PT', '0', '2017-06-05 00:30:42', '2017-06-05 00:30:42', '49d06465-b1b2-419d-8f61-2b979be865e5'),
 ('185', 'Palau', 'PW', '0', '2017-06-05 00:30:42', '2017-06-05 00:30:42', 'bd4f68ae-2662-448f-96ac-0f9792ddf357'),
 ('186', 'Paraguay', 'PY', '0', '2017-06-05 00:30:42', '2017-06-05 00:30:42', 'f20af519-36a3-4235-9984-5c608287fccf'),
 ('187', 'Qatar', 'QA', '0', '2017-06-05 00:30:42', '2017-06-05 00:30:42', 'a5ab47ac-5770-4ca4-b492-e01dddedd025'),
 ('188', 'Reunion', 'RE', '0', '2017-06-05 00:30:42', '2017-06-05 00:30:42', '83c09d77-e372-4857-8890-2a2a35014044'),
 ('189', 'Romania', 'RO', '0', '2017-06-05 00:30:42', '2017-06-05 00:30:42', 'bb185247-6af3-4ba0-a05c-9c427f7674c8'),
 ('190', 'Republic of Serbia', 'RS', '0', '2017-06-05 00:30:42', '2017-06-05 00:30:42', '936abc6e-27ff-4a2e-9766-56f585a22e1e'),
 ('191', 'Russia', 'RU', '0', '2017-06-05 00:30:42', '2017-06-05 00:30:42', 'df0895bd-75f9-4b65-a5ff-342b45312db5'),
 ('192', 'Rwanda', 'RW', '0', '2017-06-05 00:30:42', '2017-06-05 00:30:42', '4a8a25ef-517a-4404-8200-3d9675c86b53'),
 ('193', 'Saudi Arabia', 'SA', '0', '2017-06-05 00:30:42', '2017-06-05 00:30:42', 'b43783d6-c680-49ab-af14-8c75773446e4'),
 ('194', 'Solomon Islands', 'SB', '0', '2017-06-05 00:30:42', '2017-06-05 00:30:42', '079cc4bc-11d7-41cb-b87e-65cf17b946a0'),
 ('195', 'Seychelles', 'SC', '0', '2017-06-05 00:30:42', '2017-06-05 00:30:42', '3e21c310-ebda-4d7e-95db-7f5220d0819b'),
 ('196', 'Sudan', 'SD', '0', '2017-06-05 00:30:42', '2017-06-05 00:30:42', 'e34f6e1a-79a9-4d8c-8005-10ea58cc6472'),
 ('197', 'Sweden', 'SE', '0', '2017-06-05 00:30:42', '2017-06-05 00:30:42', '1821fccb-7833-4205-b75b-50203788ec5c'),
 ('198', 'Singapore', 'SG', '0', '2017-06-05 00:30:42', '2017-06-05 00:30:42', 'da30d953-3fe9-4ac6-bf14-0cae127d99e1'),
 ('199', 'St. Helena', 'SH', '0', '2017-06-05 00:30:42', '2017-06-05 00:30:42', '31032934-c887-4b17-a475-999d8f9fe3c9'),
 ('200', 'Slovenia', 'SI', '0', '2017-06-05 00:30:42', '2017-06-05 00:30:42', 'a687f916-63fe-46e6-a610-fee2419248bf');
INSERT INTO `craft_commerce_countries` (`id`, `name`, `iso`, `stateRequired`, `dateCreated`, `dateUpdated`, `uid`) VALUES
 ('201', 'Svalbard and Jan Mayen Islands', 'SJ', '0', '2017-06-05 00:30:42', '2017-06-05 00:30:42', '764cb3a0-9373-4a93-969b-68e3648eb3ab'),
 ('202', 'Slovak Republic', 'SK', '0', '2017-06-05 00:30:42', '2017-06-05 00:30:42', '057173fa-c9b6-4675-9364-3d65309db3df'),
 ('203', 'Sierra Leone', 'SL', '0', '2017-06-05 00:30:42', '2017-06-05 00:30:42', 'a04d0889-1993-46b1-adc8-b8f19ab1c05f'),
 ('204', 'San Marino', 'SM', '0', '2017-06-05 00:30:42', '2017-06-05 00:30:42', '434ab74c-dcda-432d-9c67-39cb45307d60'),
 ('205', 'Senegal', 'SN', '0', '2017-06-05 00:30:42', '2017-06-05 00:30:42', 'c1e25b1d-3ff5-4e79-a840-49ae08653b45'),
 ('206', 'Somalia', 'SO', '0', '2017-06-05 00:30:42', '2017-06-05 00:30:42', '11cb39c4-81f1-46bc-b509-976d7e6d2e55'),
 ('207', 'Suriname', 'SR', '0', '2017-06-05 00:30:42', '2017-06-05 00:30:42', 'b58abe8e-61a0-4b91-a027-dc4eab6137b1'),
 ('208', 'South Sudan', 'SS', '0', '2017-06-05 00:30:42', '2017-06-05 00:30:42', '1006849d-aa2d-4a5f-95c3-13e9f60e7938'),
 ('209', 'Sao Tome and Principe', 'ST', '0', '2017-06-05 00:30:42', '2017-06-05 00:30:42', '88eee3df-74ee-4f9f-a0a2-c8d58bea80d9'),
 ('210', 'El Salvador', 'SV', '0', '2017-06-05 00:30:42', '2017-06-05 00:30:42', 'd083c76e-2fce-4385-9974-12f780a7e757'),
 ('211', 'Sint Maarten (Dutch part)', 'SX', '0', '2017-06-05 00:30:42', '2017-06-05 00:30:42', 'f28d9855-d919-4325-b20d-aa104df948b2'),
 ('212', 'Syria', 'SY', '0', '2017-06-05 00:30:42', '2017-06-05 00:30:42', '94e89d2d-6c57-40b5-9571-dacfc66b5c4b'),
 ('213', 'Swaziland', 'SZ', '0', '2017-06-05 00:30:42', '2017-06-05 00:30:42', '7910208e-83ce-4f43-bfe4-376806e51a30'),
 ('214', 'Turks and Caicos Islands', 'TC', '0', '2017-06-05 00:30:42', '2017-06-05 00:30:42', '73b1d40d-0dc3-4a20-a724-55bae6dd02fc'),
 ('215', 'Chad', 'TD', '0', '2017-06-05 00:30:42', '2017-06-05 00:30:42', '952e8853-c247-47e3-9209-e6241b76b056'),
 ('216', 'French Southern Territories', 'TF', '0', '2017-06-05 00:30:42', '2017-06-05 00:30:42', '185c7eba-ea54-402e-bf5c-6d32a2796802'),
 ('217', 'Togo', 'TG', '0', '2017-06-05 00:30:42', '2017-06-05 00:30:42', '3c9d3bef-510e-4338-92ba-4e4621305f2e'),
 ('218', 'Thailand', 'TH', '0', '2017-06-05 00:30:42', '2017-06-05 00:30:42', '3a9bf16d-5b71-4ddb-870f-11ea76498407'),
 ('219', 'Tajikistan', 'TJ', '0', '2017-06-05 00:30:42', '2017-06-05 00:30:42', 'e18e5c78-418e-420e-889e-73fc9199bbd3'),
 ('220', 'Tokelau', 'TK', '0', '2017-06-05 00:30:42', '2017-06-05 00:30:42', '8dbac19b-cb13-4151-bc2b-8bf42f7dc4e7'),
 ('221', 'Timor-Leste', 'TL', '0', '2017-06-05 00:30:42', '2017-06-05 00:30:42', '0d79a060-1b8e-4a2d-801d-7779cedf4eb1'),
 ('222', 'Turkmenistan', 'TM', '0', '2017-06-05 00:30:42', '2017-06-05 00:30:42', '910d1ae9-a01d-47e3-815b-37b25112e292'),
 ('223', 'Tunisia', 'TN', '0', '2017-06-05 00:30:42', '2017-06-05 00:30:42', '7e5684c6-bf3a-4d67-88c3-9cc782a380b7'),
 ('224', 'Tonga', 'TO', '0', '2017-06-05 00:30:42', '2017-06-05 00:30:42', '0527cc86-4799-40f9-bc38-867f006685b6'),
 ('225', 'Turkey', 'TR', '0', '2017-06-05 00:30:42', '2017-06-05 00:30:42', '6209fc7b-df94-4009-b865-afa3c99a557c'),
 ('226', 'Trinidad and Tobago', 'TT', '0', '2017-06-05 00:30:42', '2017-06-05 00:30:42', '37b9201d-15d0-4eb9-9e0e-9899babae25c'),
 ('227', 'Tuvalu', 'TV', '0', '2017-06-05 00:30:42', '2017-06-05 00:30:42', '42907c4f-c3e2-40ca-8eda-a0e750792e0d'),
 ('228', 'Taiwan', 'TW', '0', '2017-06-05 00:30:42', '2017-06-05 00:30:42', '1cb51ea6-d766-46ec-beef-661bd0bcbcd1'),
 ('229', 'Tanzania', 'TZ', '0', '2017-06-05 00:30:42', '2017-06-05 00:30:42', '99ff8fa6-69f2-4d3e-a80f-e15895365e3a'),
 ('230', 'Ukraine', 'UA', '0', '2017-06-05 00:30:42', '2017-06-05 00:30:42', '0c8d75d2-1568-4a65-9b2a-e8b96d25832f'),
 ('231', 'Uganda', 'UG', '0', '2017-06-05 00:30:42', '2017-06-05 00:30:42', '12226305-7fd4-418e-bf96-230f8a0a1b45'),
 ('232', 'United States Minor Outlying Islands', 'UM', '0', '2017-06-05 00:30:42', '2017-06-05 00:30:42', '1f4c5ba8-7019-476d-855e-9c76c811bbb8'),
 ('233', 'United States', 'US', '0', '2017-06-05 00:30:42', '2017-06-05 00:30:42', '7dd2e4f0-57d7-4435-8633-6234e9a578bd'),
 ('234', 'Uruguay', 'UY', '0', '2017-06-05 00:30:42', '2017-06-05 00:30:42', '2ff97133-8c62-4d0c-85fc-4b7521aa474b'),
 ('235', 'Uzbekistan', 'UZ', '0', '2017-06-05 00:30:42', '2017-06-05 00:30:42', '08dac2d1-440d-4a33-9394-0e95a2052924'),
 ('236', 'Vatican City State (Holy See)', 'VA', '0', '2017-06-05 00:30:42', '2017-06-05 00:30:42', 'f5fae5a0-f45f-4b48-8d1e-8d8b94c96e56'),
 ('237', 'Saint Vincent and the Grenadines', 'VC', '0', '2017-06-05 00:30:42', '2017-06-05 00:30:42', '5e8ff155-3eb7-48b5-bc4e-bec3a1075266'),
 ('238', 'Venezuela', 'VE', '0', '2017-06-05 00:30:42', '2017-06-05 00:30:42', '66846a0a-21d7-49ac-8549-a7483c83325b'),
 ('239', 'Virgin Islands (British)', 'VG', '0', '2017-06-05 00:30:42', '2017-06-05 00:30:42', '38d16a12-db60-4c9c-ad8b-3ab5704a5ead'),
 ('240', 'Virgin Islands (U.S.)', 'VI', '0', '2017-06-05 00:30:42', '2017-06-05 00:30:42', 'b20f98d1-1e97-48f3-bf86-0b4438ad887b'),
 ('241', 'Viet Nam', 'VN', '0', '2017-06-05 00:30:42', '2017-06-05 00:30:42', 'f3393d9e-e8e3-4fd0-9ff9-07f659c4798c'),
 ('242', 'Vanuatu', 'VU', '0', '2017-06-05 00:30:42', '2017-06-05 00:30:42', 'a2af3741-f438-4a68-af32-dd1ba5e241ea'),
 ('243', 'Wallis and Futuna Islands', 'WF', '0', '2017-06-05 00:30:42', '2017-06-05 00:30:42', 'd1e84f3e-1f67-4f83-a5cf-9a3c9a4c6b14'),
 ('244', 'Samoa', 'WS', '0', '2017-06-05 00:30:42', '2017-06-05 00:30:42', '960c303a-b7d9-49b1-996a-29d751272721'),
 ('245', 'Yemen', 'YE', '0', '2017-06-05 00:30:42', '2017-06-05 00:30:42', '275eb0fc-28f0-41dc-b1aa-78e89e5114fe'),
 ('246', 'Mayotte', 'YT', '0', '2017-06-05 00:30:42', '2017-06-05 00:30:42', '9a2d1f0b-df91-4ee5-a648-a23e8f3129de'),
 ('247', 'South Africa', 'ZA', '0', '2017-06-05 00:30:42', '2017-06-05 00:30:42', 'f0cb7055-c3c0-465c-a4e4-5f76d3b703f9'),
 ('248', 'Zambia', 'ZM', '0', '2017-06-05 00:30:42', '2017-06-05 00:30:42', 'f0cc23a1-7568-4cf3-8585-7c2cfc464d8f'),
 ('249', 'Zimbabwe', 'ZW', '0', '2017-06-05 00:30:42', '2017-06-05 00:30:42', '358f677f-7df2-438f-9b08-a942d99caed2');



DROP TABLE IF EXISTS `craft_commerce_customer_discountuses`;


--
-- Schema for table `craft_commerce_customer_discountuses`
--
CREATE TABLE `craft_commerce_customer_discountuses` (
  `id` int(11) NOT NULL AUTO_INCREMENT,
  `discountId` int(10) NOT NULL,
  `customerId` int(10) NOT NULL,
  `uses` int(10) unsigned NOT NULL,
  `dateCreated` datetime NOT NULL,
  `dateUpdated` datetime NOT NULL,
  `uid` char(36) COLLATE utf8_unicode_ci NOT NULL DEFAULT '0',
  PRIMARY KEY (`id`),
  UNIQUE KEY `craft_commerce_customer_discountuses_customerId_discountId_unq_i` (`customerId`,`discountId`),
  KEY `craft_commerce_customer_discountuses_discountId_fk` (`discountId`)
) ENGINE=InnoDB DEFAULT CHARSET=utf8 COLLATE=utf8_unicode_ci;

DROP TABLE IF EXISTS `craft_commerce_customers`;


--
-- Schema for table `craft_commerce_customers`
--
CREATE TABLE `craft_commerce_customers` (
  `id` int(11) NOT NULL AUTO_INCREMENT,
  `userId` int(11) DEFAULT NULL,
  `email` varchar(255) COLLATE utf8_unicode_ci DEFAULT NULL,
  `lastUsedBillingAddressId` int(10) DEFAULT NULL,
  `lastUsedShippingAddressId` int(10) DEFAULT NULL,
  `dateCreated` datetime NOT NULL,
  `dateUpdated` datetime NOT NULL,
  `uid` char(36) COLLATE utf8_unicode_ci NOT NULL DEFAULT '0',
  PRIMARY KEY (`id`),
  KEY `craft_commerce_customers_userId_fk` (`userId`)
) ENGINE=InnoDB AUTO_INCREMENT=7 DEFAULT CHARSET=utf8 COLLATE=utf8_unicode_ci;

--
-- Data for table `craft_commerce_customers`
--

INSERT INTO `craft_commerce_customers` (`id`, `userId`, `email`, `lastUsedBillingAddressId`, `lastUsedShippingAddressId`, `dateCreated`, `dateUpdated`, `uid`) VALUES
 ('1', NULL, NULL, NULL, NULL, '2017-06-05 01:38:27', '2017-06-05 01:38:27', '0819fb54-0986-4d26-a34f-d3ac6bbac8e2'),
 ('2', '1', 'masatoseki@the-neighbourhood.com', '1', '1', '2017-06-05 21:19:18', '2017-06-05 21:21:25', 'b68bee2d-b143-446b-bf30-11f62ad23ba4'),
 ('3', NULL, NULL, NULL, NULL, '2017-06-05 21:58:01', '2017-06-05 21:58:01', '180ebf0d-1fbd-4861-88e1-cdc29e48b94d'),
 ('4', NULL, NULL, NULL, NULL, '2017-06-06 21:23:54', '2017-06-06 21:23:54', '2e877179-4f66-4ef5-8659-03f8df629440'),
 ('5', NULL, 'masatoseki@the-neighbourhood.com', NULL, NULL, '2017-06-06 22:09:17', '2017-06-08 00:41:21', 'e90bab6a-eb81-43bd-9121-1102c659f6cb'),
 ('6', NULL, 'hoge@gaheo.com', NULL, NULL, '2017-06-21 20:12:17', '2017-06-21 20:13:10', 'e255f477-886d-43c3-9767-c0e6d0db058a');



DROP TABLE IF EXISTS `craft_commerce_customers_addresses`;


--
-- Schema for table `craft_commerce_customers_addresses`
--
CREATE TABLE `craft_commerce_customers_addresses` (
  `id` int(11) NOT NULL AUTO_INCREMENT,
  `customerId` int(11) NOT NULL,
  `addressId` int(11) NOT NULL,
  `dateCreated` datetime NOT NULL,
  `dateUpdated` datetime NOT NULL,
  `uid` char(36) COLLATE utf8_unicode_ci NOT NULL DEFAULT '0',
  PRIMARY KEY (`id`),
  UNIQUE KEY `craft_commerce_customers_addresses_customerId_addressId_unq_idx` (`customerId`,`addressId`),
  KEY `craft_commerce_customers_addresses_customerId_idx` (`customerId`),
  KEY `craft_commerce_customers_addresses_addressId_idx` (`addressId`)
) ENGINE=InnoDB AUTO_INCREMENT=3 DEFAULT CHARSET=utf8 COLLATE=utf8_unicode_ci;

--
-- Data for table `craft_commerce_customers_addresses`
--

INSERT INTO `craft_commerce_customers_addresses` (`id`, `customerId`, `addressId`, `dateCreated`, `dateUpdated`, `uid`) VALUES
 ('1', '2', '4', '2017-06-08 00:46:34', '2017-06-08 00:46:34', '8a6ad432-dea3-4b1e-8f2e-b9684f6b8653'),
 ('2', '6', '5', '2017-06-21 20:13:19', '2017-06-21 20:13:19', 'a62f680d-94c6-49ab-9c9f-8d8a140ef99b');



DROP TABLE IF EXISTS `craft_commerce_discount_products`;


--
-- Schema for table `craft_commerce_discount_products`
--
CREATE TABLE `craft_commerce_discount_products` (
  `id` int(11) NOT NULL AUTO_INCREMENT,
  `discountId` int(10) NOT NULL,
  `productId` int(10) NOT NULL,
  `dateCreated` datetime NOT NULL,
  `dateUpdated` datetime NOT NULL,
  `uid` char(36) COLLATE utf8_unicode_ci NOT NULL DEFAULT '0',
  PRIMARY KEY (`id`),
  UNIQUE KEY `craft_commerce_discount_products_discountId_productId_unq_idx` (`discountId`,`productId`),
  KEY `craft_commerce_discount_products_productId_fk` (`productId`)
) ENGINE=InnoDB DEFAULT CHARSET=utf8 COLLATE=utf8_unicode_ci;

DROP TABLE IF EXISTS `craft_commerce_discount_producttypes`;


--
-- Schema for table `craft_commerce_discount_producttypes`
--
CREATE TABLE `craft_commerce_discount_producttypes` (
  `id` int(11) NOT NULL AUTO_INCREMENT,
  `discountId` int(10) NOT NULL,
  `productTypeId` int(10) NOT NULL,
  `dateCreated` datetime NOT NULL,
  `dateUpdated` datetime NOT NULL,
  `uid` char(36) COLLATE utf8_unicode_ci NOT NULL DEFAULT '0',
  PRIMARY KEY (`id`),
  UNIQUE KEY `craft_commerc_discoun_producttype_discountI_productTypeI_unq_idx` (`discountId`,`productTypeId`),
  KEY `craft_commerce_discount_producttypes_productTypeId_fk` (`productTypeId`)
) ENGINE=InnoDB DEFAULT CHARSET=utf8 COLLATE=utf8_unicode_ci;

DROP TABLE IF EXISTS `craft_commerce_discount_usergroups`;


--
-- Schema for table `craft_commerce_discount_usergroups`
--
CREATE TABLE `craft_commerce_discount_usergroups` (
  `id` int(11) NOT NULL AUTO_INCREMENT,
  `discountId` int(10) NOT NULL,
  `userGroupId` int(10) NOT NULL,
  `dateCreated` datetime NOT NULL,
  `dateUpdated` datetime NOT NULL,
  `uid` char(36) COLLATE utf8_unicode_ci NOT NULL DEFAULT '0',
  PRIMARY KEY (`id`),
  UNIQUE KEY `craft_commerce_discount_usergroups_discountId_userGroupId_unq_id` (`discountId`,`userGroupId`),
  KEY `craft_commerce_discount_usergroups_userGroupId_fk` (`userGroupId`)
) ENGINE=InnoDB DEFAULT CHARSET=utf8 COLLATE=utf8_unicode_ci;

DROP TABLE IF EXISTS `craft_commerce_discounts`;


--
-- Schema for table `craft_commerce_discounts`
--
CREATE TABLE `craft_commerce_discounts` (
  `id` int(11) NOT NULL AUTO_INCREMENT,
  `name` varchar(255) COLLATE utf8_unicode_ci NOT NULL,
  `description` text COLLATE utf8_unicode_ci,
  `code` varchar(255) COLLATE utf8_unicode_ci DEFAULT NULL,
  `perUserLimit` int(10) unsigned NOT NULL DEFAULT '0',
  `perEmailLimit` int(10) unsigned NOT NULL DEFAULT '0',
  `totalUseLimit` int(10) unsigned NOT NULL DEFAULT '0',
  `totalUses` int(10) unsigned NOT NULL DEFAULT '0',
  `dateFrom` datetime DEFAULT NULL,
  `dateTo` datetime DEFAULT NULL,
  `purchaseTotal` int(10) NOT NULL DEFAULT '0',
  `purchaseQty` int(10) NOT NULL DEFAULT '0',
  `maxPurchaseQty` int(10) NOT NULL DEFAULT '0',
  `baseDiscount` decimal(14,4) NOT NULL DEFAULT '0.0000',
  `perItemDiscount` decimal(14,4) NOT NULL DEFAULT '0.0000',
  `percentDiscount` decimal(14,4) NOT NULL DEFAULT '0.0000',
  `excludeOnSale` tinyint(1) unsigned NOT NULL DEFAULT '0',
  `freeShipping` tinyint(1) unsigned NOT NULL DEFAULT '0',
  `allGroups` tinyint(1) unsigned NOT NULL DEFAULT '0',
  `allProducts` tinyint(1) unsigned NOT NULL DEFAULT '0',
  `allProductTypes` tinyint(1) unsigned NOT NULL DEFAULT '0',
  `enabled` tinyint(1) unsigned NOT NULL DEFAULT '1',
  `stopProcessing` tinyint(1) unsigned NOT NULL DEFAULT '0',
  `sortOrder` int(10) DEFAULT NULL,
  `dateCreated` datetime NOT NULL,
  `dateUpdated` datetime NOT NULL,
  `uid` char(36) COLLATE utf8_unicode_ci NOT NULL DEFAULT '0',
  PRIMARY KEY (`id`),
  UNIQUE KEY `craft_commerce_discounts_code_unq_idx` (`code`),
  KEY `craft_commerce_discounts_dateFrom_idx` (`dateFrom`),
  KEY `craft_commerce_discounts_dateTo_idx` (`dateTo`)
) ENGINE=InnoDB DEFAULT CHARSET=utf8 COLLATE=utf8_unicode_ci;

DROP TABLE IF EXISTS `craft_commerce_emails`;


--
-- Schema for table `craft_commerce_emails`
--
CREATE TABLE `craft_commerce_emails` (
  `id` int(11) NOT NULL AUTO_INCREMENT,
  `name` varchar(255) COLLATE utf8_unicode_ci NOT NULL,
  `subject` varchar(255) COLLATE utf8_unicode_ci NOT NULL,
  `recipientType` enum('customer','custom') COLLATE utf8_unicode_ci DEFAULT 'custom',
  `to` varchar(255) COLLATE utf8_unicode_ci DEFAULT NULL,
  `bcc` varchar(255) COLLATE utf8_unicode_ci DEFAULT NULL,
  `enabled` tinyint(1) unsigned NOT NULL DEFAULT '0',
  `templatePath` varchar(255) COLLATE utf8_unicode_ci NOT NULL,
  `dateCreated` datetime NOT NULL,
  `dateUpdated` datetime NOT NULL,
  `uid` char(36) COLLATE utf8_unicode_ci NOT NULL DEFAULT '0',
  PRIMARY KEY (`id`)
) ENGINE=InnoDB DEFAULT CHARSET=utf8 COLLATE=utf8_unicode_ci;

DROP TABLE IF EXISTS `craft_commerce_lineitems`;


--
-- Schema for table `craft_commerce_lineitems`
--
CREATE TABLE `craft_commerce_lineitems` (
  `id` int(11) NOT NULL AUTO_INCREMENT,
  `orderId` int(11) NOT NULL,
  `purchasableId` int(11) DEFAULT NULL,
  `options` text COLLATE utf8_unicode_ci,
  `optionsSignature` varchar(255) COLLATE utf8_unicode_ci NOT NULL,
  `price` decimal(14,4) unsigned NOT NULL,
  `saleAmount` decimal(14,4) NOT NULL DEFAULT '0.0000',
  `salePrice` decimal(14,4) NOT NULL DEFAULT '0.0000',
  `tax` decimal(14,4) NOT NULL DEFAULT '0.0000',
  `taxIncluded` decimal(14,4) NOT NULL DEFAULT '0.0000',
  `shippingCost` decimal(14,4) unsigned NOT NULL DEFAULT '0.0000',
  `discount` decimal(14,4) NOT NULL DEFAULT '0.0000',
  `weight` decimal(14,4) unsigned NOT NULL DEFAULT '0.0000',
  `height` decimal(14,4) unsigned NOT NULL DEFAULT '0.0000',
  `length` decimal(14,4) unsigned NOT NULL DEFAULT '0.0000',
  `width` decimal(14,4) unsigned NOT NULL DEFAULT '0.0000',
  `total` decimal(14,4) unsigned NOT NULL DEFAULT '0.0000',
  `qty` int(10) unsigned NOT NULL,
  `note` text COLLATE utf8_unicode_ci,
  `snapshot` text COLLATE utf8_unicode_ci NOT NULL,
  `taxCategoryId` int(10) NOT NULL,
  `shippingCategoryId` int(10) NOT NULL,
  `dateCreated` datetime NOT NULL,
  `dateUpdated` datetime NOT NULL,
  `uid` char(36) COLLATE utf8_unicode_ci NOT NULL DEFAULT '0',
  PRIMARY KEY (`id`),
  UNIQUE KEY `craf_commerc_lineitem_orderI_purchasableI_optionsSignatu_unq_idx` (`orderId`,`purchasableId`,`optionsSignature`),
  KEY `craft_commerce_lineitems_purchasableId_fk` (`purchasableId`),
  KEY `craft_commerce_lineitems_taxCategoryId_fk` (`taxCategoryId`),
  KEY `craft_commerce_lineitems_shippingCategoryId_fk` (`shippingCategoryId`)
) ENGINE=InnoDB AUTO_INCREMENT=6 DEFAULT CHARSET=utf8 COLLATE=utf8_unicode_ci;

--
-- Data for table `craft_commerce_lineitems`
--

INSERT INTO `craft_commerce_lineitems` (`id`, `orderId`, `purchasableId`, `options`, `optionsSignature`, `price`, `saleAmount`, `salePrice`, `tax`, `taxIncluded`, `shippingCost`, `discount`, `weight`, `height`, `length`, `width`, `total`, `qty`, `note`, `snapshot`, `taxCategoryId`, `shippingCategoryId`, `dateCreated`, `dateUpdated`, `uid`) VALUES
 ('3', '18', '10', '[]', 'd751713988987e9331980363e24189ce', '20.0000', '0.0000', '20.0000', '0.0000', '0.0000', '0.0000', '0.0000', '0.0000', '0.0000', '0.0000', '0.0000', '20.0000', '1', '', '{\"id\":\"10\",\"enabled\":\"1\",\"archived\":\"0\",\"locale\":\"en_gb\",\"localeEnabled\":\"1\",\"slug\":\"parka-with-stripes-on-back\",\"uri\":null,\"dateCreated\":\"2017-06-05 00:30:42\",\"dateUpdated\":\"2017-06-05 00:30:42\",\"root\":null,\"lft\":null,\"rgt\":null,\"level\":null,\"searchScore\":null,\"productId\":\"9\",\"isDefault\":\"1\",\"sku\":\"Parka with Stripes on Back\",\"price\":\"20.0000\",\"sortOrder\":null,\"width\":\"0.0000\",\"height\":\"0.0000\",\"length\":\"0.0000\",\"weight\":\"0.0000\",\"stock\":\"0\",\"unlimitedStock\":\"1\",\"minQty\":null,\"maxQty\":null,\"onSale\":0,\"cpEditUrl\":\"#\",\"product\":{\"id\":\"9\",\"enabled\":\"1\",\"archived\":\"0\",\"locale\":\"en_gb\",\"localeEnabled\":\"1\",\"slug\":\"parka-with-stripes-on-back\",\"uri\":\"shop\\/products\\/parka-with-stripes-on-back\",\"dateCreated\":\"2017-06-05 00:30:42\",\"dateUpdated\":\"2017-06-05 00:30:42\",\"root\":null,\"lft\":null,\"rgt\":null,\"level\":null,\"searchScore\":null,\"typeId\":\"1\",\"taxCategoryId\":\"1\",\"shippingCategoryId\":\"1\",\"promotable\":\"1\",\"freeShipping\":\"0\",\"postDate\":\"2017-06-05 00:30:42\",\"expiryDate\":null,\"defaultVariantId\":\"10\",\"defaultSku\":\"Parka with Stripes on Back\",\"defaultPrice\":\"20.0000\",\"defaultHeight\":\"0.0000\",\"defaultLength\":\"0.0000\",\"defaultWidth\":\"0.0000\",\"defaultWeight\":\"0.0000\",\"title\":\"Parka with Stripes on Back\"},\"description\":\"Parka with Stripes on Back\",\"purchasableId\":\"10\",\"options\":[]}', '1', '1', '2017-06-08 00:44:31', '2017-06-21 20:13:40', '0a982e69-3a91-4742-b333-4b5d3cb652be'),
 ('4', '18', '12', '[]', 'd751713988987e9331980363e24189ce', '30.0000', '0.0000', '30.0000', '0.0000', '0.0000', '0.0000', '0.0000', '0.0000', '0.0000', '0.0000', '0.0000', '30.0000', '1', NULL, '{\"id\":\"12\",\"enabled\":\"1\",\"archived\":\"0\",\"locale\":\"en_gb\",\"localeEnabled\":\"1\",\"slug\":\"romper-for-a-red-eye\",\"uri\":null,\"dateCreated\":\"2017-06-05 00:30:42\",\"dateUpdated\":\"2017-06-05 00:30:42\",\"root\":null,\"lft\":null,\"rgt\":null,\"level\":null,\"searchScore\":null,\"productId\":\"11\",\"isDefault\":\"1\",\"sku\":\"Romper for a Red Eye\",\"price\":\"30.0000\",\"sortOrder\":null,\"width\":\"0.0000\",\"height\":\"0.0000\",\"length\":\"0.0000\",\"weight\":\"0.0000\",\"stock\":\"0\",\"unlimitedStock\":\"1\",\"minQty\":null,\"maxQty\":null,\"onSale\":0,\"cpEditUrl\":\"#\",\"product\":{\"id\":\"11\",\"enabled\":\"1\",\"archived\":\"0\",\"locale\":\"en_gb\",\"localeEnabled\":\"1\",\"slug\":\"romper-for-a-red-eye\",\"uri\":\"shop\\/products\\/romper-for-a-red-eye\",\"dateCreated\":\"2017-06-05 00:30:42\",\"dateUpdated\":\"2017-06-05 00:30:42\",\"root\":null,\"lft\":null,\"rgt\":null,\"level\":null,\"searchScore\":null,\"typeId\":\"1\",\"taxCategoryId\":\"1\",\"shippingCategoryId\":\"1\",\"promotable\":\"1\",\"freeShipping\":\"0\",\"postDate\":\"2017-06-05 00:30:42\",\"expiryDate\":null,\"defaultVariantId\":\"12\",\"defaultSku\":\"Romper for a Red Eye\",\"defaultPrice\":\"30.0000\",\"defaultHeight\":\"0.0000\",\"defaultLength\":\"0.0000\",\"defaultWidth\":\"0.0000\",\"defaultWeight\":\"0.0000\",\"title\":\"Romper for a Red Eye\"},\"description\":\"Romper for a Red Eye\",\"purchasableId\":\"12\",\"options\":[]}', '1', '1', '2017-06-08 00:44:39', '2017-06-21 20:13:40', '0644cf08-ec41-43d7-b151-67de0d1d3397'),
 ('5', '18', '8', '[]', 'd751713988987e9331980363e24189ce', '10.0000', '0.0000', '10.0000', '0.0000', '0.0000', '0.0000', '0.0000', '0.0000', '0.0000', '0.0000', '0.0000', '10.0000', '1', NULL, '{\"id\":\"8\",\"enabled\":\"1\",\"archived\":\"0\",\"locale\":\"en_gb\",\"localeEnabled\":\"1\",\"slug\":\"a-new-toga\",\"uri\":null,\"dateCreated\":\"2017-06-05 00:30:42\",\"dateUpdated\":\"2017-06-05 00:30:42\",\"root\":null,\"lft\":null,\"rgt\":null,\"level\":null,\"searchScore\":null,\"productId\":\"7\",\"isDefault\":\"1\",\"sku\":\"A New Toga\",\"price\":\"10.0000\",\"sortOrder\":null,\"width\":\"0.0000\",\"height\":\"0.0000\",\"length\":\"0.0000\",\"weight\":\"0.0000\",\"stock\":\"0\",\"unlimitedStock\":\"1\",\"minQty\":null,\"maxQty\":null,\"onSale\":0,\"cpEditUrl\":\"#\",\"product\":{\"id\":\"7\",\"enabled\":\"1\",\"archived\":\"0\",\"locale\":\"en_gb\",\"localeEnabled\":\"1\",\"slug\":\"a-new-toga\",\"uri\":\"shop\\/products\\/a-new-toga\",\"dateCreated\":\"2017-06-05 00:30:42\",\"dateUpdated\":\"2017-06-05 00:30:42\",\"root\":null,\"lft\":null,\"rgt\":null,\"level\":null,\"searchScore\":null,\"typeId\":\"1\",\"taxCategoryId\":\"1\",\"shippingCategoryId\":\"1\",\"promotable\":\"1\",\"freeShipping\":\"0\",\"postDate\":\"2017-06-05 00:30:42\",\"expiryDate\":null,\"defaultVariantId\":\"8\",\"defaultSku\":\"A New Toga\",\"defaultPrice\":\"10.0000\",\"defaultHeight\":\"0.0000\",\"defaultLength\":\"0.0000\",\"defaultWidth\":\"0.0000\",\"defaultWeight\":\"0.0000\",\"title\":\"A New Toga\"},\"description\":\"A New Toga\",\"purchasableId\":\"8\",\"options\":[]}', '1', '1', '2017-06-21 20:12:41', '2017-06-21 20:13:40', 'ba55e603-1eec-4d60-92db-2ed29c6db67d');



DROP TABLE IF EXISTS `craft_commerce_orderadjustments`;


--
-- Schema for table `craft_commerce_orderadjustments`
--
CREATE TABLE `craft_commerce_orderadjustments` (
  `id` int(11) NOT NULL AUTO_INCREMENT,
  `type` varchar(255) COLLATE utf8_unicode_ci NOT NULL,
  `name` varchar(255) COLLATE utf8_unicode_ci DEFAULT NULL,
  `description` varchar(255) COLLATE utf8_unicode_ci DEFAULT NULL,
  `amount` decimal(14,4) NOT NULL,
  `included` tinyint(1) unsigned NOT NULL DEFAULT '0',
  `optionsJson` text COLLATE utf8_unicode_ci NOT NULL,
  `orderId` int(10) NOT NULL,
  `dateCreated` datetime NOT NULL,
  `dateUpdated` datetime NOT NULL,
  `uid` char(36) COLLATE utf8_unicode_ci NOT NULL DEFAULT '0',
  PRIMARY KEY (`id`),
  KEY `craft_commerce_orderadjustments_orderId_idx` (`orderId`)
) ENGINE=InnoDB AUTO_INCREMENT=11 DEFAULT CHARSET=utf8 COLLATE=utf8_unicode_ci;

--
-- Data for table `craft_commerce_orderadjustments`
--

INSERT INTO `craft_commerce_orderadjustments` (`id`, `type`, `name`, `description`, `amount`, `included`, `optionsJson`, `orderId`, `dateCreated`, `dateUpdated`, `uid`) VALUES
 ('10', 'Shipping', 'Free Shipping', 'All Countries, free shipping.', '0.0000', '0', '{\"lineItemsAffected\":[],\"id\":\"1\",\"name\":\"Free Everywhere \",\"description\":\"All Countries, free shipping.\",\"shippingZoneId\":null,\"methodId\":\"1\",\"priority\":\"0\",\"enabled\":\"1\",\"minQty\":\"0\",\"maxQty\":\"0\",\"minTotal\":0,\"maxTotal\":0,\"minWeight\":0,\"maxWeight\":0,\"baseRate\":\"0.0000\",\"perItemRate\":\"0.0000\",\"weightRate\":\"0.0000\",\"percentageRate\":\"0.0000\",\"minRate\":\"0.0000\",\"maxRate\":\"0.0000\"}', '18', '2017-06-21 20:13:40', '2017-06-21 20:13:40', '25f7a892-9773-4567-87ca-4f6863125dbc');



DROP TABLE IF EXISTS `craft_commerce_orderhistories`;


--
-- Schema for table `craft_commerce_orderhistories`
--
CREATE TABLE `craft_commerce_orderhistories` (
  `id` int(11) NOT NULL AUTO_INCREMENT,
  `prevStatusId` int(11) DEFAULT NULL,
  `newStatusId` int(11) DEFAULT NULL,
  `orderId` int(10) NOT NULL,
  `customerId` int(10) NOT NULL,
  `message` text COLLATE utf8_unicode_ci,
  `dateCreated` datetime NOT NULL,
  `dateUpdated` datetime NOT NULL,
  `uid` char(36) COLLATE utf8_unicode_ci NOT NULL DEFAULT '0',
  PRIMARY KEY (`id`),
  KEY `craft_commerce_orderhistories_orderId_fk` (`orderId`),
  KEY `craft_commerce_orderhistories_prevStatusId_fk` (`prevStatusId`),
  KEY `craft_commerce_orderhistories_newStatusId_fk` (`newStatusId`),
  KEY `craft_commerce_orderhistories_customerId_fk` (`customerId`)
) ENGINE=InnoDB DEFAULT CHARSET=utf8 COLLATE=utf8_unicode_ci;

DROP TABLE IF EXISTS `craft_commerce_orders`;


--
-- Schema for table `craft_commerce_orders`
--
CREATE TABLE `craft_commerce_orders` (
  `billingAddressId` int(11) DEFAULT NULL,
  `shippingAddressId` int(11) DEFAULT NULL,
  `paymentMethodId` int(11) DEFAULT NULL,
  `customerId` int(11) DEFAULT NULL,
  `id` int(11) NOT NULL,
  `orderStatusId` int(11) DEFAULT NULL,
  `number` varchar(32) COLLATE utf8_unicode_ci DEFAULT NULL,
  `couponCode` varchar(255) COLLATE utf8_unicode_ci DEFAULT NULL,
  `itemTotal` decimal(14,4) DEFAULT '0.0000',
  `baseDiscount` decimal(14,4) DEFAULT '0.0000',
  `baseShippingCost` decimal(14,4) DEFAULT '0.0000',
  `baseTax` decimal(14,4) DEFAULT '0.0000',
  `baseTaxIncluded` decimal(14,4) DEFAULT '0.0000',
  `totalPrice` decimal(14,4) DEFAULT '0.0000',
  `totalPaid` decimal(14,4) DEFAULT '0.0000',
  `email` varchar(255) COLLATE utf8_unicode_ci DEFAULT NULL,
  `isCompleted` tinyint(1) unsigned NOT NULL DEFAULT '0',
  `dateOrdered` datetime DEFAULT NULL,
  `datePaid` datetime DEFAULT NULL,
  `currency` varchar(255) COLLATE utf8_unicode_ci DEFAULT NULL,
  `paymentCurrency` varchar(255) COLLATE utf8_unicode_ci DEFAULT NULL,
  `lastIp` varchar(255) COLLATE utf8_unicode_ci DEFAULT NULL,
  `orderLocale` char(12) COLLATE utf8_unicode_ci DEFAULT NULL,
  `message` varchar(255) COLLATE utf8_unicode_ci DEFAULT NULL,
  `returnUrl` varchar(255) COLLATE utf8_unicode_ci DEFAULT NULL,
  `cancelUrl` varchar(255) COLLATE utf8_unicode_ci DEFAULT NULL,
  `shippingMethod` varchar(255) COLLATE utf8_unicode_ci DEFAULT NULL,
  `dateCreated` datetime NOT NULL,
  `dateUpdated` datetime NOT NULL,
  `uid` char(36) COLLATE utf8_unicode_ci NOT NULL DEFAULT '0',
  PRIMARY KEY (`id`),
  KEY `craft_commerce_orders_number_idx` (`number`),
  KEY `craft_commerce_orders_billingAddressId_fk` (`billingAddressId`),
  KEY `craft_commerce_orders_shippingAddressId_fk` (`shippingAddressId`),
  KEY `craft_commerce_orders_paymentMethodId_fk` (`paymentMethodId`),
  KEY `craft_commerce_orders_customerId_fk` (`customerId`),
  KEY `craft_commerce_orders_orderStatusId_fk` (`orderStatusId`)
) ENGINE=InnoDB DEFAULT CHARSET=utf8 COLLATE=utf8_unicode_ci;

--
-- Data for table `craft_commerce_orders`
--

INSERT INTO `craft_commerce_orders` (`billingAddressId`, `shippingAddressId`, `paymentMethodId`, `customerId`, `id`, `orderStatusId`, `number`, `couponCode`, `itemTotal`, `baseDiscount`, `baseShippingCost`, `baseTax`, `baseTaxIncluded`, `totalPrice`, `totalPaid`, `email`, `isCompleted`, `dateOrdered`, `datePaid`, `currency`, `paymentCurrency`, `lastIp`, `orderLocale`, `message`, `returnUrl`, `cancelUrl`, `shippingMethod`, `dateCreated`, `dateUpdated`, `uid`) VALUES
 ('5', '5', '1', '6', '18', NULL, '0055f5adcbd978b894bc875706449bd9', NULL, '60.0000', '0.0000', '0.0000', '0.0000', '0.0000', '60.0000', '0.0000', 'hoge@gaheo.com', '0', NULL, NULL, 'USD', 'GBP', '127.0.0.1', 'en_gb', NULL, '/shop/customer/order?number=0055f5adcbd978b894bc875706449bd9', '/shop/checkout/payment', 'freeShipping', '2017-06-06 21:52:23', '2017-06-21 20:13:40', '2b6c9972-cd4f-449e-8b3c-8b07c53b4b3c');



DROP TABLE IF EXISTS `craft_commerce_ordersettings`;


--
-- Schema for table `craft_commerce_ordersettings`
--
CREATE TABLE `craft_commerce_ordersettings` (
  `id` int(11) NOT NULL AUTO_INCREMENT,
  `fieldLayoutId` int(11) DEFAULT NULL,
  `name` varchar(255) COLLATE utf8_unicode_ci NOT NULL,
  `handle` varchar(255) COLLATE utf8_unicode_ci NOT NULL,
  `dateCreated` datetime NOT NULL,
  `dateUpdated` datetime NOT NULL,
  `uid` char(36) COLLATE utf8_unicode_ci NOT NULL DEFAULT '0',
  PRIMARY KEY (`id`),
  UNIQUE KEY `craft_commerce_ordersettings_handle_unq_idx` (`handle`),
  KEY `craft_commerce_ordersettings_fieldLayoutId_fk` (`fieldLayoutId`)
) ENGINE=InnoDB AUTO_INCREMENT=2 DEFAULT CHARSET=utf8 COLLATE=utf8_unicode_ci;

--
-- Data for table `craft_commerce_ordersettings`
--

INSERT INTO `craft_commerce_ordersettings` (`id`, `fieldLayoutId`, `name`, `handle`, `dateCreated`, `dateUpdated`, `uid`) VALUES
 ('1', '10', 'Order', 'order', '2017-06-05 00:30:42', '2017-06-05 00:30:42', 'e88f0c1f-6224-481b-8155-ce6a3b70c68c');



DROP TABLE IF EXISTS `craft_commerce_orderstatus_emails`;


--
-- Schema for table `craft_commerce_orderstatus_emails`
--
CREATE TABLE `craft_commerce_orderstatus_emails` (
  `id` int(11) NOT NULL AUTO_INCREMENT,
  `orderStatusId` int(11) NOT NULL,
  `emailId` int(11) NOT NULL,
  `dateCreated` datetime NOT NULL,
  `dateUpdated` datetime NOT NULL,
  `uid` char(36) COLLATE utf8_unicode_ci NOT NULL DEFAULT '0',
  PRIMARY KEY (`id`),
  KEY `craft_commerce_orderstatus_emails_orderStatusId_fk` (`orderStatusId`),
  KEY `craft_commerce_orderstatus_emails_emailId_fk` (`emailId`)
) ENGINE=InnoDB DEFAULT CHARSET=utf8 COLLATE=utf8_unicode_ci;

DROP TABLE IF EXISTS `craft_commerce_orderstatuses`;


--
-- Schema for table `craft_commerce_orderstatuses`
--
CREATE TABLE `craft_commerce_orderstatuses` (
  `id` int(11) NOT NULL AUTO_INCREMENT,
  `name` varchar(255) COLLATE utf8_unicode_ci NOT NULL,
  `handle` varchar(255) COLLATE utf8_unicode_ci NOT NULL,
  `color` enum('green','orange','red','blue','yellow','pink','purple','turquoise','light','grey','black') COLLATE utf8_unicode_ci NOT NULL DEFAULT 'green',
  `sortOrder` int(10) DEFAULT NULL,
  `default` tinyint(1) unsigned NOT NULL DEFAULT '0',
  `dateCreated` datetime NOT NULL,
  `dateUpdated` datetime NOT NULL,
  `uid` char(36) COLLATE utf8_unicode_ci NOT NULL DEFAULT '0',
  PRIMARY KEY (`id`)
) ENGINE=InnoDB AUTO_INCREMENT=3 DEFAULT CHARSET=utf8 COLLATE=utf8_unicode_ci;

--
-- Data for table `craft_commerce_orderstatuses`
--

INSERT INTO `craft_commerce_orderstatuses` (`id`, `name`, `handle`, `color`, `sortOrder`, `default`, `dateCreated`, `dateUpdated`, `uid`) VALUES
 ('1', 'Processing', 'processing', 'green', '999', '1', '2017-06-05 00:30:42', '2017-06-05 00:30:42', 'd43bde0d-2557-49a2-8025-58cfc613fdc4'),
 ('2', 'Shipped', 'shipped', 'blue', '999', '0', '2017-06-05 00:30:42', '2017-06-05 00:30:42', 'cd927d65-3c6b-4898-9378-71635a303034');



DROP TABLE IF EXISTS `craft_commerce_paymentcurrencies`;


--
-- Schema for table `craft_commerce_paymentcurrencies`
--
CREATE TABLE `craft_commerce_paymentcurrencies` (
  `id` int(11) NOT NULL AUTO_INCREMENT,
  `iso` varchar(3) COLLATE utf8_unicode_ci NOT NULL,
  `primary` tinyint(1) unsigned NOT NULL DEFAULT '0',
  `rate` decimal(14,4) NOT NULL DEFAULT '0.0000',
  `dateCreated` datetime NOT NULL,
  `dateUpdated` datetime NOT NULL,
  `uid` char(36) COLLATE utf8_unicode_ci NOT NULL DEFAULT '0',
  PRIMARY KEY (`id`),
  UNIQUE KEY `craft_commerce_paymentcurrencies_iso_unq_idx` (`iso`)
) ENGINE=InnoDB AUTO_INCREMENT=3 DEFAULT CHARSET=utf8 COLLATE=utf8_unicode_ci;

--
-- Data for table `craft_commerce_paymentcurrencies`
--

INSERT INTO `craft_commerce_paymentcurrencies` (`id`, `iso`, `primary`, `rate`, `dateCreated`, `dateUpdated`, `uid`) VALUES
 ('1', 'USD', '1', '1.0000', '2017-06-05 00:30:42', '2017-06-05 00:30:42', '7b8e40fa-d87b-4dd1-b3d8-017026e9e3fc'),
 ('2', 'GBP', '0', '1.0000', '2017-06-05 00:34:29', '2017-06-05 00:34:29', '0761f7c7-5fa2-4724-a112-70773a5ce791');



DROP TABLE IF EXISTS `craft_commerce_paymentmethods`;


--
-- Schema for table `craft_commerce_paymentmethods`
--
CREATE TABLE `craft_commerce_paymentmethods` (
  `id` int(11) NOT NULL AUTO_INCREMENT,
  `class` varchar(255) COLLATE utf8_unicode_ci NOT NULL,
  `name` varchar(255) COLLATE utf8_unicode_ci NOT NULL,
  `settings` text COLLATE utf8_unicode_ci,
  `paymentType` enum('authorize','purchase') COLLATE utf8_unicode_ci NOT NULL DEFAULT 'purchase',
  `frontendEnabled` tinyint(1) unsigned NOT NULL DEFAULT '0',
  `isArchived` tinyint(1) unsigned NOT NULL DEFAULT '0',
  `dateArchived` datetime DEFAULT NULL,
  `sortOrder` int(10) DEFAULT NULL,
  `dateCreated` datetime NOT NULL,
  `dateUpdated` datetime NOT NULL,
  `uid` char(36) COLLATE utf8_unicode_ci NOT NULL DEFAULT '0',
  PRIMARY KEY (`id`),
  UNIQUE KEY `craft_commerce_paymentmethods_name_unq_idx` (`name`)
) ENGINE=InnoDB AUTO_INCREMENT=2 DEFAULT CHARSET=utf8 COLLATE=utf8_unicode_ci;

--
-- Data for table `craft_commerce_paymentmethods`
--

INSERT INTO `craft_commerce_paymentmethods` (`id`, `class`, `name`, `settings`, `paymentType`, `frontendEnabled`, `isArchived`, `dateArchived`, `sortOrder`, `dateCreated`, `dateUpdated`, `uid`) VALUES
 ('1', 'Dummy', 'Dummy', '[]', 'purchase', '1', '0', NULL, NULL, '2017-06-05 00:30:42', '2017-06-05 00:30:42', '2d576957-df60-4608-a0f2-ffbb7fcb112c');



DROP TABLE IF EXISTS `craft_commerce_products`;


--
-- Schema for table `craft_commerce_products`
--
CREATE TABLE `craft_commerce_products` (
  `id` int(11) NOT NULL,
  `typeId` int(11) DEFAULT NULL,
  `taxCategoryId` int(11) NOT NULL,
  `shippingCategoryId` int(11) NOT NULL,
  `postDate` datetime DEFAULT NULL,
  `expiryDate` datetime DEFAULT NULL,
  `promotable` tinyint(1) unsigned NOT NULL DEFAULT '0',
  `freeShipping` tinyint(1) unsigned NOT NULL DEFAULT '0',
  `defaultVariantId` int(10) DEFAULT NULL,
  `defaultSku` varchar(255) COLLATE utf8_unicode_ci DEFAULT NULL,
  `defaultPrice` decimal(14,4) DEFAULT NULL,
  `defaultHeight` decimal(14,4) DEFAULT NULL,
  `defaultLength` decimal(14,4) DEFAULT NULL,
  `defaultWidth` decimal(14,4) DEFAULT NULL,
  `defaultWeight` decimal(14,4) DEFAULT NULL,
  `dateCreated` datetime NOT NULL,
  `dateUpdated` datetime NOT NULL,
  `uid` char(36) COLLATE utf8_unicode_ci NOT NULL DEFAULT '0',
  PRIMARY KEY (`id`),
  KEY `craft_commerce_products_typeId_idx` (`typeId`),
  KEY `craft_commerce_products_postDate_idx` (`postDate`),
  KEY `craft_commerce_products_expiryDate_idx` (`expiryDate`),
  KEY `craft_commerce_products_taxCategoryId_fk` (`taxCategoryId`),
  KEY `craft_commerce_products_shippingCategoryId_fk` (`shippingCategoryId`)
) ENGINE=InnoDB DEFAULT CHARSET=utf8 COLLATE=utf8_unicode_ci;

--
-- Data for table `craft_commerce_products`
--

INSERT INTO `craft_commerce_products` (`id`, `typeId`, `taxCategoryId`, `shippingCategoryId`, `postDate`, `expiryDate`, `promotable`, `freeShipping`, `defaultVariantId`, `defaultSku`, `defaultPrice`, `defaultHeight`, `defaultLength`, `defaultWidth`, `defaultWeight`, `dateCreated`, `dateUpdated`, `uid`) VALUES
 ('7', '1', '1', '1', '2017-06-05 00:30:42', NULL, '1', '0', '8', 'A New Toga', '10.0000', '0.0000', '0.0000', '0.0000', '0.0000', '2017-06-05 00:30:42', '2017-06-05 00:30:42', '0c6a8663-6353-450d-ba80-3dbae11c51cc'),
 ('9', '1', '1', '1', '2017-06-05 00:30:42', NULL, '1', '0', '10', 'Parka with Stripes on Back', '20.0000', '0.0000', '0.0000', '0.0000', '0.0000', '2017-06-05 00:30:42', '2017-06-05 00:30:42', 'a2fedabc-fe40-4222-a38d-3e54b36efafe'),
 ('11', '1', '1', '1', '2017-06-05 00:30:42', NULL, '1', '0', '12', 'Romper for a Red Eye', '30.0000', '0.0000', '0.0000', '0.0000', '0.0000', '2017-06-05 00:30:42', '2017-06-05 00:30:42', 'e90d3235-241a-4c80-9b25-3169600ce9f1'),
 ('13', '1', '1', '1', '2017-06-05 00:30:42', NULL, '1', '0', '14', 'The Fleece Awakens', '40.0000', '0.0000', '0.0000', '0.0000', '0.0000', '2017-06-05 00:30:42', '2017-06-05 00:30:42', '67912f88-8d04-47f9-a20d-b8cfe5d07a2d');



DROP TABLE IF EXISTS `craft_commerce_producttypes`;


--
-- Schema for table `craft_commerce_producttypes`
--
CREATE TABLE `craft_commerce_producttypes` (
  `id` int(11) NOT NULL AUTO_INCREMENT,
  `fieldLayoutId` int(11) DEFAULT NULL,
  `variantFieldLayoutId` int(11) DEFAULT NULL,
  `name` varchar(255) COLLATE utf8_unicode_ci NOT NULL,
  `handle` varchar(255) COLLATE utf8_unicode_ci NOT NULL,
  `hasUrls` tinyint(1) unsigned NOT NULL DEFAULT '0',
  `hasDimensions` tinyint(1) unsigned NOT NULL DEFAULT '0',
  `hasVariants` tinyint(1) unsigned NOT NULL DEFAULT '0',
  `hasVariantTitleField` tinyint(1) unsigned NOT NULL DEFAULT '1',
  `titleFormat` varchar(255) COLLATE utf8_unicode_ci NOT NULL,
  `skuFormat` varchar(255) COLLATE utf8_unicode_ci DEFAULT NULL,
  `descriptionFormat` varchar(255) COLLATE utf8_unicode_ci DEFAULT NULL,
  `template` varchar(500) COLLATE utf8_unicode_ci DEFAULT NULL,
  `dateCreated` datetime NOT NULL,
  `dateUpdated` datetime NOT NULL,
  `uid` char(36) COLLATE utf8_unicode_ci NOT NULL DEFAULT '0',
  PRIMARY KEY (`id`),
  UNIQUE KEY `craft_commerce_producttypes_handle_unq_idx` (`handle`),
  KEY `craft_commerce_producttypes_fieldLayoutId_fk` (`fieldLayoutId`),
  KEY `craft_commerce_producttypes_variantFieldLayoutId_fk` (`variantFieldLayoutId`)
) ENGINE=InnoDB AUTO_INCREMENT=2 DEFAULT CHARSET=utf8 COLLATE=utf8_unicode_ci;

--
-- Data for table `craft_commerce_producttypes`
--

INSERT INTO `craft_commerce_producttypes` (`id`, `fieldLayoutId`, `variantFieldLayoutId`, `name`, `handle`, `hasUrls`, `hasDimensions`, `hasVariants`, `hasVariantTitleField`, `titleFormat`, `skuFormat`, `descriptionFormat`, `template`, `dateCreated`, `dateUpdated`, `uid`) VALUES
 ('1', '13', '14', 'Clothing', 'clothing', '1', '1', '0', '0', '{product.title}', NULL, NULL, 'shop/products/_product', '2017-06-05 00:30:42', '2017-06-05 00:30:42', '36471f72-0c39-4a27-9eb3-f74615d5ab13');



DROP TABLE IF EXISTS `craft_commerce_producttypes_i18n`;


--
-- Schema for table `craft_commerce_producttypes_i18n`
--
CREATE TABLE `craft_commerce_producttypes_i18n` (
  `id` int(11) NOT NULL AUTO_INCREMENT,
  `productTypeId` int(11) NOT NULL,
  `locale` char(12) COLLATE utf8_unicode_ci NOT NULL,
  `urlFormat` text COLLATE utf8_unicode_ci,
  `dateCreated` datetime NOT NULL,
  `dateUpdated` datetime NOT NULL,
  `uid` char(36) COLLATE utf8_unicode_ci NOT NULL DEFAULT '0',
  PRIMARY KEY (`id`),
  UNIQUE KEY `craft_commerce_producttypes_i18n_productTypeId_locale_unq_idx` (`productTypeId`,`locale`),
  KEY `craft_commerce_producttypes_i18n_locale_fk` (`locale`)
) ENGINE=InnoDB AUTO_INCREMENT=2 DEFAULT CHARSET=utf8 COLLATE=utf8_unicode_ci;

--
-- Data for table `craft_commerce_producttypes_i18n`
--

INSERT INTO `craft_commerce_producttypes_i18n` (`id`, `productTypeId`, `locale`, `urlFormat`, `dateCreated`, `dateUpdated`, `uid`) VALUES
 ('1', '1', 'en_gb', 'shop/products/{slug}', '2017-06-05 00:30:42', '2017-06-05 00:30:42', '7c8628a9-485b-4e27-a011-8c2406ed17ee');



DROP TABLE IF EXISTS `craft_commerce_producttypes_shippingcategories`;


--
-- Schema for table `craft_commerce_producttypes_shippingcategories`
--
CREATE TABLE `craft_commerce_producttypes_shippingcategories` (
  `id` int(11) NOT NULL AUTO_INCREMENT,
  `productTypeId` int(11) NOT NULL,
  `shippingCategoryId` int(11) NOT NULL,
  `dateCreated` datetime NOT NULL,
  `dateUpdated` datetime NOT NULL,
  `uid` char(36) COLLATE utf8_unicode_ci NOT NULL DEFAULT '0',
  PRIMARY KEY (`id`),
  UNIQUE KEY `craf_commer_productty_shippingcateg_productTy_shippingCateg_un_i` (`productTypeId`,`shippingCategoryId`),
  KEY `craft_commerc_producttype_shippingcategorie_shippingCategoryI_fk` (`shippingCategoryId`)
) ENGINE=InnoDB AUTO_INCREMENT=2 DEFAULT CHARSET=utf8 COLLATE=utf8_unicode_ci;

--
-- Data for table `craft_commerce_producttypes_shippingcategories`
--

INSERT INTO `craft_commerce_producttypes_shippingcategories` (`id`, `productTypeId`, `shippingCategoryId`, `dateCreated`, `dateUpdated`, `uid`) VALUES
 ('1', '1', '1', '2017-06-05 00:30:42', '2017-06-05 00:30:42', 'b183ca25-4fab-49f7-8d64-176e2d5c1efd');



DROP TABLE IF EXISTS `craft_commerce_producttypes_taxcategories`;


--
-- Schema for table `craft_commerce_producttypes_taxcategories`
--
CREATE TABLE `craft_commerce_producttypes_taxcategories` (
  `id` int(11) NOT NULL AUTO_INCREMENT,
  `productTypeId` int(11) NOT NULL,
  `taxCategoryId` int(11) NOT NULL,
  `dateCreated` datetime NOT NULL,
  `dateUpdated` datetime NOT NULL,
  `uid` char(36) COLLATE utf8_unicode_ci NOT NULL DEFAULT '0',
  PRIMARY KEY (`id`),
  UNIQUE KEY `craf_commerc_producttyp_taxcategori_productType_taxCategory_un_i` (`productTypeId`,`taxCategoryId`),
  KEY `craft_commerce_producttypes_taxcategories_taxCategoryId_fk` (`taxCategoryId`)
) ENGINE=InnoDB AUTO_INCREMENT=2 DEFAULT CHARSET=utf8 COLLATE=utf8_unicode_ci;

--
-- Data for table `craft_commerce_producttypes_taxcategories`
--

INSERT INTO `craft_commerce_producttypes_taxcategories` (`id`, `productTypeId`, `taxCategoryId`, `dateCreated`, `dateUpdated`, `uid`) VALUES
 ('1', '1', '1', '2017-06-05 00:30:42', '2017-06-05 00:30:42', 'fc545b3b-6f27-44d3-b16e-8eb16bab6af3');



DROP TABLE IF EXISTS `craft_commerce_purchasables`;


--
-- Schema for table `craft_commerce_purchasables`
--
CREATE TABLE `craft_commerce_purchasables` (
  `id` int(11) NOT NULL,
  `sku` varchar(255) COLLATE utf8_unicode_ci NOT NULL,
  `price` decimal(14,4) NOT NULL,
  `dateCreated` datetime NOT NULL,
  `dateUpdated` datetime NOT NULL,
  `uid` char(36) COLLATE utf8_unicode_ci NOT NULL DEFAULT '0',
  PRIMARY KEY (`id`),
  UNIQUE KEY `craft_commerce_purchasables_sku_unq_idx` (`sku`)
) ENGINE=InnoDB DEFAULT CHARSET=utf8 COLLATE=utf8_unicode_ci;

--
-- Data for table `craft_commerce_purchasables`
--

INSERT INTO `craft_commerce_purchasables` (`id`, `sku`, `price`, `dateCreated`, `dateUpdated`, `uid`) VALUES
 ('8', 'A New Toga', '10.0000', '2017-06-05 00:30:42', '2017-06-05 00:30:42', 'd24166c9-0272-4f62-99b8-103b722abc13'),
 ('10', 'Parka with Stripes on Back', '20.0000', '2017-06-05 00:30:42', '2017-06-05 00:30:42', 'c66fa2b7-f466-4cc4-9f75-73f3553d1b76'),
 ('12', 'Romper for a Red Eye', '30.0000', '2017-06-05 00:30:42', '2017-06-05 00:30:42', 'd46ba1e3-a64e-4a28-880d-416dc65173b3'),
 ('14', 'The Fleece Awakens', '40.0000', '2017-06-05 00:30:42', '2017-06-05 00:30:42', '1477164f-3642-4b51-b8b2-4d91885fb738');



DROP TABLE IF EXISTS `craft_commerce_sale_products`;


--
-- Schema for table `craft_commerce_sale_products`
--
CREATE TABLE `craft_commerce_sale_products` (
  `id` int(11) NOT NULL AUTO_INCREMENT,
  `saleId` int(10) NOT NULL,
  `productId` int(10) NOT NULL,
  `dateCreated` datetime NOT NULL,
  `dateUpdated` datetime NOT NULL,
  `uid` char(36) COLLATE utf8_unicode_ci NOT NULL DEFAULT '0',
  PRIMARY KEY (`id`),
  UNIQUE KEY `craft_commerce_sale_products_saleId_productId_unq_idx` (`saleId`,`productId`),
  KEY `craft_commerce_sale_products_productId_fk` (`productId`)
) ENGINE=InnoDB DEFAULT CHARSET=utf8 COLLATE=utf8_unicode_ci;

DROP TABLE IF EXISTS `craft_commerce_sale_producttypes`;


--
-- Schema for table `craft_commerce_sale_producttypes`
--
CREATE TABLE `craft_commerce_sale_producttypes` (
  `id` int(11) NOT NULL AUTO_INCREMENT,
  `saleId` int(10) NOT NULL,
  `productTypeId` int(10) NOT NULL,
  `dateCreated` datetime NOT NULL,
  `dateUpdated` datetime NOT NULL,
  `uid` char(36) COLLATE utf8_unicode_ci NOT NULL DEFAULT '0',
  PRIMARY KEY (`id`),
  UNIQUE KEY `craft_commerce_sale_producttypes_saleId_productTypeId_unq_idx` (`saleId`,`productTypeId`),
  KEY `craft_commerce_sale_producttypes_productTypeId_fk` (`productTypeId`)
) ENGINE=InnoDB DEFAULT CHARSET=utf8 COLLATE=utf8_unicode_ci;

DROP TABLE IF EXISTS `craft_commerce_sale_usergroups`;


--
-- Schema for table `craft_commerce_sale_usergroups`
--
CREATE TABLE `craft_commerce_sale_usergroups` (
  `id` int(11) NOT NULL AUTO_INCREMENT,
  `saleId` int(10) NOT NULL,
  `userGroupId` int(10) NOT NULL,
  `dateCreated` datetime NOT NULL,
  `dateUpdated` datetime NOT NULL,
  `uid` char(36) COLLATE utf8_unicode_ci NOT NULL DEFAULT '0',
  PRIMARY KEY (`id`),
  UNIQUE KEY `craft_commerce_sale_usergroups_saleId_userGroupId_unq_idx` (`saleId`,`userGroupId`),
  KEY `craft_commerce_sale_usergroups_userGroupId_fk` (`userGroupId`)
) ENGINE=InnoDB DEFAULT CHARSET=utf8 COLLATE=utf8_unicode_ci;

DROP TABLE IF EXISTS `craft_commerce_sales`;


--
-- Schema for table `craft_commerce_sales`
--
CREATE TABLE `craft_commerce_sales` (
  `id` int(11) NOT NULL AUTO_INCREMENT,
  `name` varchar(255) COLLATE utf8_unicode_ci NOT NULL,
  `description` text COLLATE utf8_unicode_ci,
  `dateFrom` datetime DEFAULT NULL,
  `dateTo` datetime DEFAULT NULL,
  `discountType` enum('percent','flat') COLLATE utf8_unicode_ci NOT NULL,
  `discountAmount` decimal(14,4) NOT NULL,
  `allGroups` tinyint(1) unsigned NOT NULL DEFAULT '0',
  `allProducts` tinyint(1) unsigned NOT NULL DEFAULT '0',
  `allProductTypes` tinyint(1) unsigned NOT NULL DEFAULT '0',
  `enabled` tinyint(1) unsigned NOT NULL DEFAULT '1',
  `dateCreated` datetime NOT NULL,
  `dateUpdated` datetime NOT NULL,
  `uid` char(36) COLLATE utf8_unicode_ci NOT NULL DEFAULT '0',
  PRIMARY KEY (`id`)
) ENGINE=InnoDB DEFAULT CHARSET=utf8 COLLATE=utf8_unicode_ci;

DROP TABLE IF EXISTS `craft_commerce_shippingcategories`;


--
-- Schema for table `craft_commerce_shippingcategories`
--
CREATE TABLE `craft_commerce_shippingcategories` (
  `id` int(11) NOT NULL AUTO_INCREMENT,
  `name` varchar(255) COLLATE utf8_unicode_ci NOT NULL,
  `handle` varchar(255) COLLATE utf8_unicode_ci NOT NULL,
  `description` varchar(255) COLLATE utf8_unicode_ci DEFAULT NULL,
  `default` tinyint(1) unsigned NOT NULL DEFAULT '0',
  `dateCreated` datetime NOT NULL,
  `dateUpdated` datetime NOT NULL,
  `uid` char(36) COLLATE utf8_unicode_ci NOT NULL DEFAULT '0',
  PRIMARY KEY (`id`),
  UNIQUE KEY `craft_commerce_shippingcategories_handle_unq_idx` (`handle`)
) ENGINE=InnoDB AUTO_INCREMENT=2 DEFAULT CHARSET=utf8 COLLATE=utf8_unicode_ci;

--
-- Data for table `craft_commerce_shippingcategories`
--

INSERT INTO `craft_commerce_shippingcategories` (`id`, `name`, `handle`, `description`, `default`, `dateCreated`, `dateUpdated`, `uid`) VALUES
 ('1', 'General', 'general', NULL, '1', '2017-06-05 00:30:42', '2017-06-05 00:30:42', '33699a1d-3bfa-483f-8abf-35cec792916e');



DROP TABLE IF EXISTS `craft_commerce_shippingmethods`;


--
-- Schema for table `craft_commerce_shippingmethods`
--
CREATE TABLE `craft_commerce_shippingmethods` (
  `id` int(11) NOT NULL AUTO_INCREMENT,
  `name` varchar(255) COLLATE utf8_unicode_ci NOT NULL,
  `handle` varchar(255) COLLATE utf8_unicode_ci NOT NULL,
  `enabled` tinyint(1) unsigned NOT NULL DEFAULT '1',
  `dateCreated` datetime NOT NULL,
  `dateUpdated` datetime NOT NULL,
  `uid` char(36) COLLATE utf8_unicode_ci NOT NULL DEFAULT '0',
  PRIMARY KEY (`id`),
  UNIQUE KEY `craft_commerce_shippingmethods_name_unq_idx` (`name`)
) ENGINE=InnoDB AUTO_INCREMENT=2 DEFAULT CHARSET=utf8 COLLATE=utf8_unicode_ci;

--
-- Data for table `craft_commerce_shippingmethods`
--

INSERT INTO `craft_commerce_shippingmethods` (`id`, `name`, `handle`, `enabled`, `dateCreated`, `dateUpdated`, `uid`) VALUES
 ('1', 'Free Shipping', 'freeShipping', '1', '2017-06-05 00:30:42', '2017-06-05 00:30:42', '2addb9fd-32fc-4aca-b151-acb108105534');



DROP TABLE IF EXISTS `craft_commerce_shippingrule_categories`;


--
-- Schema for table `craft_commerce_shippingrule_categories`
--
CREATE TABLE `craft_commerce_shippingrule_categories` (
  `id` int(11) NOT NULL AUTO_INCREMENT,
  `shippingRuleId` int(11) DEFAULT NULL,
  `shippingCategoryId` int(11) DEFAULT NULL,
  `condition` enum('allow','disallow','require') COLLATE utf8_unicode_ci NOT NULL,
  `perItemRate` decimal(14,4) DEFAULT NULL,
  `weightRate` decimal(14,4) DEFAULT NULL,
  `percentageRate` decimal(14,4) DEFAULT NULL,
  `dateCreated` datetime NOT NULL,
  `dateUpdated` datetime NOT NULL,
  `uid` char(36) COLLATE utf8_unicode_ci NOT NULL DEFAULT '0',
  PRIMARY KEY (`id`),
  KEY `craft_commerce_shippingrule_categories_shippingRuleId_idx` (`shippingRuleId`),
  KEY `craft_commerce_shippingrule_categories_shippingCategoryId_idx` (`shippingCategoryId`)
) ENGINE=InnoDB DEFAULT CHARSET=utf8 COLLATE=utf8_unicode_ci;

DROP TABLE IF EXISTS `craft_commerce_shippingrules`;


--
-- Schema for table `craft_commerce_shippingrules`
--
CREATE TABLE `craft_commerce_shippingrules` (
  `id` int(11) NOT NULL AUTO_INCREMENT,
  `shippingZoneId` int(11) DEFAULT NULL,
  `name` varchar(255) COLLATE utf8_unicode_ci NOT NULL,
  `description` varchar(255) COLLATE utf8_unicode_ci DEFAULT NULL,
  `methodId` int(10) NOT NULL,
  `priority` int(10) NOT NULL DEFAULT '0',
  `enabled` tinyint(1) unsigned NOT NULL DEFAULT '1',
  `minQty` int(10) NOT NULL DEFAULT '0',
  `maxQty` int(10) NOT NULL DEFAULT '0',
  `minTotal` decimal(14,4) NOT NULL DEFAULT '0.0000',
  `maxTotal` decimal(14,4) NOT NULL DEFAULT '0.0000',
  `minWeight` decimal(14,4) NOT NULL DEFAULT '0.0000',
  `maxWeight` decimal(14,4) NOT NULL DEFAULT '0.0000',
  `baseRate` decimal(14,4) NOT NULL DEFAULT '0.0000',
  `perItemRate` decimal(14,4) NOT NULL DEFAULT '0.0000',
  `weightRate` decimal(14,4) NOT NULL DEFAULT '0.0000',
  `percentageRate` decimal(14,4) NOT NULL DEFAULT '0.0000',
  `minRate` decimal(14,4) NOT NULL DEFAULT '0.0000',
  `maxRate` decimal(14,4) NOT NULL DEFAULT '0.0000',
  `dateCreated` datetime NOT NULL,
  `dateUpdated` datetime NOT NULL,
  `uid` char(36) COLLATE utf8_unicode_ci NOT NULL DEFAULT '0',
  PRIMARY KEY (`id`),
  KEY `craft_commerce_shippingrules_name_idx` (`name`),
  KEY `craft_commerce_shippingrules_methodId_idx` (`methodId`),
  KEY `craft_commerce_shippingrules_shippingZoneId_fk` (`shippingZoneId`)
) ENGINE=InnoDB AUTO_INCREMENT=2 DEFAULT CHARSET=utf8 COLLATE=utf8_unicode_ci;

--
-- Data for table `craft_commerce_shippingrules`
--

INSERT INTO `craft_commerce_shippingrules` (`id`, `shippingZoneId`, `name`, `description`, `methodId`, `priority`, `enabled`, `minQty`, `maxQty`, `minTotal`, `maxTotal`, `minWeight`, `maxWeight`, `baseRate`, `perItemRate`, `weightRate`, `percentageRate`, `minRate`, `maxRate`, `dateCreated`, `dateUpdated`, `uid`) VALUES
 ('1', NULL, 'Free Everywhere ', 'All Countries, free shipping.', '1', '0', '1', '0', '0', '0.0000', '0.0000', '0.0000', '0.0000', '0.0000', '0.0000', '0.0000', '0.0000', '0.0000', '0.0000', '2017-06-05 00:30:42', '2017-06-05 00:30:42', 'a3112d50-073c-4f28-9ee2-9a646964be07');



DROP TABLE IF EXISTS `craft_commerce_shippingzone_countries`;


--
-- Schema for table `craft_commerce_shippingzone_countries`
--
CREATE TABLE `craft_commerce_shippingzone_countries` (
  `id` int(11) NOT NULL AUTO_INCREMENT,
  `shippingZoneId` int(11) NOT NULL,
  `countryId` int(11) NOT NULL,
  `dateCreated` datetime NOT NULL,
  `dateUpdated` datetime NOT NULL,
  `uid` char(36) COLLATE utf8_unicode_ci NOT NULL DEFAULT '0',
  PRIMARY KEY (`id`),
  UNIQUE KEY `craft_commerc_shippingzon_countrie_shippingZoneI_countryI_unq_id` (`shippingZoneId`,`countryId`),
  KEY `craft_commerce_shippingzone_countries_shippingZoneId_idx` (`shippingZoneId`),
  KEY `craft_commerce_shippingzone_countries_countryId_idx` (`countryId`)
) ENGINE=InnoDB DEFAULT CHARSET=utf8 COLLATE=utf8_unicode_ci;

DROP TABLE IF EXISTS `craft_commerce_shippingzone_states`;


--
-- Schema for table `craft_commerce_shippingzone_states`
--
CREATE TABLE `craft_commerce_shippingzone_states` (
  `id` int(11) NOT NULL AUTO_INCREMENT,
  `shippingZoneId` int(11) NOT NULL,
  `stateId` int(11) NOT NULL,
  `dateCreated` datetime NOT NULL,
  `dateUpdated` datetime NOT NULL,
  `uid` char(36) COLLATE utf8_unicode_ci NOT NULL DEFAULT '0',
  PRIMARY KEY (`id`),
  UNIQUE KEY `craft_commerce_shippingzone_states_shippingZoneId_stateId_unq_id` (`shippingZoneId`,`stateId`),
  KEY `craft_commerce_shippingzone_states_shippingZoneId_idx` (`shippingZoneId`),
  KEY `craft_commerce_shippingzone_states_stateId_idx` (`stateId`)
) ENGINE=InnoDB DEFAULT CHARSET=utf8 COLLATE=utf8_unicode_ci;

DROP TABLE IF EXISTS `craft_commerce_shippingzones`;


--
-- Schema for table `craft_commerce_shippingzones`
--
CREATE TABLE `craft_commerce_shippingzones` (
  `id` int(11) NOT NULL AUTO_INCREMENT,
  `name` varchar(255) COLLATE utf8_unicode_ci NOT NULL,
  `description` varchar(255) COLLATE utf8_unicode_ci DEFAULT NULL,
  `countryBased` tinyint(1) unsigned NOT NULL DEFAULT '1',
  `dateCreated` datetime NOT NULL,
  `dateUpdated` datetime NOT NULL,
  `uid` char(36) COLLATE utf8_unicode_ci NOT NULL DEFAULT '0',
  PRIMARY KEY (`id`),
  UNIQUE KEY `craft_commerce_shippingzones_name_unq_idx` (`name`)
) ENGINE=InnoDB DEFAULT CHARSET=utf8 COLLATE=utf8_unicode_ci;

DROP TABLE IF EXISTS `craft_commerce_states`;


--
-- Schema for table `craft_commerce_states`
--
CREATE TABLE `craft_commerce_states` (
  `id` int(11) NOT NULL AUTO_INCREMENT,
  `name` varchar(255) COLLATE utf8_unicode_ci NOT NULL,
  `abbreviation` varchar(255) COLLATE utf8_unicode_ci DEFAULT NULL,
  `countryId` int(10) NOT NULL,
  `dateCreated` datetime NOT NULL,
  `dateUpdated` datetime NOT NULL,
  `uid` char(36) COLLATE utf8_unicode_ci NOT NULL DEFAULT '0',
  PRIMARY KEY (`id`),
  UNIQUE KEY `craft_commerce_states_name_countryId_unq_idx` (`name`,`countryId`),
  KEY `craft_commerce_states_countryId_fk` (`countryId`)
) ENGINE=InnoDB AUTO_INCREMENT=73 DEFAULT CHARSET=utf8 COLLATE=utf8_unicode_ci;

--
-- Data for table `craft_commerce_states`
--

INSERT INTO `craft_commerce_states` (`id`, `name`, `abbreviation`, `countryId`, `dateCreated`, `dateUpdated`, `uid`) VALUES
 ('1', 'Australian Capital Territory', 'ACT', '13', '2017-06-05 00:30:42', '2017-06-05 00:30:42', 'ec79865c-4a2a-4019-b0a9-9528fff553fc'),
 ('2', 'New South Wales', 'NSW', '13', '2017-06-05 00:30:42', '2017-06-05 00:30:42', '1f835d46-1850-41c6-9fc6-886a3f4339d6'),
 ('3', 'Northern Territory', 'NT', '13', '2017-06-05 00:30:42', '2017-06-05 00:30:42', '04f40e53-4453-4241-bbbe-9497ec43d10a'),
 ('4', 'Queensland', 'QLD', '13', '2017-06-05 00:30:42', '2017-06-05 00:30:42', '1c939e82-9067-48c2-b98c-c11e6d6f5c72'),
 ('5', 'South Australia', 'SA', '13', '2017-06-05 00:30:42', '2017-06-05 00:30:42', '3faed0ea-7b31-41b8-a6dd-bfe9d28fe958'),
 ('6', 'Tasmania', 'TAS', '13', '2017-06-05 00:30:42', '2017-06-05 00:30:42', '5973b4f8-b2dd-4f3f-bc40-d0895c809839'),
 ('7', 'Victoria', 'VIC', '13', '2017-06-05 00:30:42', '2017-06-05 00:30:42', 'b86c4026-b0a4-42e1-9905-94c67cf58153'),
 ('8', 'Western Australia', 'WA', '13', '2017-06-05 00:30:42', '2017-06-05 00:30:42', 'c4b97d5d-ff3a-49df-851f-9c53fb4bd745'),
 ('9', 'Alberta', 'AB', '38', '2017-06-05 00:30:42', '2017-06-05 00:30:42', 'a3dfe185-4c09-4fa7-b678-dc9b89b6fbb5'),
 ('10', 'British Columbia', 'BC', '38', '2017-06-05 00:30:42', '2017-06-05 00:30:42', '579424f5-4d8e-480f-ba77-ed8b999aac36'),
 ('11', 'Manitoba', 'MB', '38', '2017-06-05 00:30:42', '2017-06-05 00:30:42', 'ce853796-5644-4772-83a2-86796ef901e3'),
 ('12', 'New Brunswick', 'NB', '38', '2017-06-05 00:30:42', '2017-06-05 00:30:42', '3120b1c1-62b3-46fa-b20e-b9997b2aa253'),
 ('13', 'Newfoundland and Labrador', 'NL', '38', '2017-06-05 00:30:42', '2017-06-05 00:30:42', '2586708f-bb56-4f5d-b22f-e5f54db60667'),
 ('14', 'Northwest Territories', 'NT', '38', '2017-06-05 00:30:42', '2017-06-05 00:30:42', '6a2b53d3-36f3-42b7-9e91-8d528d8e76b5'),
 ('15', 'Nova Scotia', 'NS', '38', '2017-06-05 00:30:42', '2017-06-05 00:30:42', 'a6db52b7-461b-4fc7-9f93-aa3ea55424e1'),
 ('16', 'Nunavut', 'NU', '38', '2017-06-05 00:30:42', '2017-06-05 00:30:42', 'f2521443-6139-41c2-927a-a2c16bbc1e2d'),
 ('17', 'Ontario', 'ON', '38', '2017-06-05 00:30:42', '2017-06-05 00:30:42', '3f7f46bc-d6b5-44f1-99f7-b85c4f049dcb'),
 ('18', 'Prince Edward Island', 'PE', '38', '2017-06-05 00:30:42', '2017-06-05 00:30:42', '524aa9fc-bf84-409c-8a23-de34dc2fdffe'),
 ('19', 'Quebec', 'QC', '38', '2017-06-05 00:30:42', '2017-06-05 00:30:42', '30ba6b79-d3ef-475f-9fe4-3adf7542f3e5'),
 ('20', 'Saskatchewan', 'SK', '38', '2017-06-05 00:30:42', '2017-06-05 00:30:42', 'd521404e-6417-4220-b5db-458e7220fcbd'),
 ('21', 'Yukon', 'YT', '38', '2017-06-05 00:30:42', '2017-06-05 00:30:42', 'c75fdf1e-4739-46bc-9066-f37bb21fde5a'),
 ('22', 'Alabama', 'AL', '233', '2017-06-05 00:30:42', '2017-06-05 00:30:42', '9f331193-c2a1-46b0-93b8-29ff19baece5'),
 ('23', 'Alaska', 'AK', '233', '2017-06-05 00:30:42', '2017-06-05 00:30:42', '57f00ebc-52eb-4f5a-ba51-f6e97ec11fec'),
 ('24', 'Arizona', 'AZ', '233', '2017-06-05 00:30:42', '2017-06-05 00:30:42', 'd94fb91e-f421-4e30-8834-e9270b039ba0'),
 ('25', 'Arkansas', 'AR', '233', '2017-06-05 00:30:42', '2017-06-05 00:30:42', '4d454fb5-fdd1-403b-8a2e-36fe5e2aec72'),
 ('26', 'California', 'CA', '233', '2017-06-05 00:30:42', '2017-06-05 00:30:42', 'd38b651c-416d-47af-82d3-b01b455259f8'),
 ('27', 'Colorado', 'CO', '233', '2017-06-05 00:30:42', '2017-06-05 00:30:42', 'f46575e8-9915-49b2-9705-d3f4843d86e1'),
 ('28', 'Connecticut', 'CT', '233', '2017-06-05 00:30:42', '2017-06-05 00:30:42', '4e3290dd-9f47-4e9b-b104-72c79c49f50c'),
 ('29', 'Delaware', 'DE', '233', '2017-06-05 00:30:42', '2017-06-05 00:30:42', '1c645117-0f4e-4a21-b0bb-4d359cdf3cdc'),
 ('30', 'District of Columbia', 'DC', '233', '2017-06-05 00:30:42', '2017-06-05 00:30:42', 'c291a517-c037-4d5c-b068-550abcc5e484'),
 ('31', 'Florida', 'FL', '233', '2017-06-05 00:30:42', '2017-06-05 00:30:42', '565582ed-2866-46b1-b59d-9815c847b045'),
 ('32', 'Georgia', 'GA', '233', '2017-06-05 00:30:42', '2017-06-05 00:30:42', '49b62189-7be5-4685-bb94-bd4288b71eca'),
 ('33', 'Hawaii', 'HI', '233', '2017-06-05 00:30:42', '2017-06-05 00:30:42', 'cda06442-3782-458e-bebb-50f628592cfa'),
 ('34', 'Idaho', 'ID', '233', '2017-06-05 00:30:42', '2017-06-05 00:30:42', '98495586-a8a2-466c-9626-bd63b6ed770e'),
 ('35', 'Illinois', 'IL', '233', '2017-06-05 00:30:42', '2017-06-05 00:30:42', '64ff3402-d4aa-42b9-9d2a-230f93140ceb'),
 ('36', 'Indiana', 'IN', '233', '2017-06-05 00:30:42', '2017-06-05 00:30:42', '25177e13-5169-4749-8652-e49c1047061e'),
 ('37', 'Iowa', 'IA', '233', '2017-06-05 00:30:42', '2017-06-05 00:30:42', 'b56de4ef-0c04-402a-8bfd-cd8cace53bf2'),
 ('38', 'Kansas', 'KS', '233', '2017-06-05 00:30:42', '2017-06-05 00:30:42', '2e9985d7-afbd-46a0-ab6e-b6055cc9f327'),
 ('39', 'Kentucky', 'KY', '233', '2017-06-05 00:30:42', '2017-06-05 00:30:42', 'ab5bf438-cb4f-4394-a9da-82f709479b24'),
 ('40', 'Louisiana', 'LA', '233', '2017-06-05 00:30:42', '2017-06-05 00:30:42', 'e0cbf8f2-3801-4774-8b45-47fe5a031938'),
 ('41', 'Maine', 'ME', '233', '2017-06-05 00:30:42', '2017-06-05 00:30:42', 'bb11e52f-9851-4ae8-bd33-bfec58dcb8af'),
 ('42', 'Maryland', 'MD', '233', '2017-06-05 00:30:42', '2017-06-05 00:30:42', '75a1c47a-fa68-483e-845a-91334aa7f445'),
 ('43', 'Massachusetts', 'MA', '233', '2017-06-05 00:30:42', '2017-06-05 00:30:42', '11d35f8d-cd94-4654-b168-e181659c6833'),
 ('44', 'Michigan', 'MI', '233', '2017-06-05 00:30:42', '2017-06-05 00:30:42', 'e033d945-dd6b-4218-8887-593127f5e527'),
 ('45', 'Minnesota', 'MN', '233', '2017-06-05 00:30:42', '2017-06-05 00:30:42', 'ee03f8b9-2bf7-4716-984c-6ada0f3ace4d'),
 ('46', 'Mississippi', 'MS', '233', '2017-06-05 00:30:42', '2017-06-05 00:30:42', '07ad8f6a-5f3b-4c95-95dd-03a153ee49b4'),
 ('47', 'Missouri', 'MO', '233', '2017-06-05 00:30:42', '2017-06-05 00:30:42', '4c2b5f94-1846-4ea5-8527-9520889de158'),
 ('48', 'Montana', 'MT', '233', '2017-06-05 00:30:42', '2017-06-05 00:30:42', '8b2e52db-e8b2-48fa-bd41-08ea4ca6b0df'),
 ('49', 'Nebraska', 'NE', '233', '2017-06-05 00:30:42', '2017-06-05 00:30:42', 'aabacab2-55d1-4e1b-ae50-fca3f7ffee26'),
 ('50', 'Nevada', 'NV', '233', '2017-06-05 00:30:42', '2017-06-05 00:30:42', '07f49e0a-68a0-4107-bdf6-a29d71de18e1'),
 ('51', 'New Hampshire', 'NH', '233', '2017-06-05 00:30:42', '2017-06-05 00:30:42', 'ab1308ad-f62d-42e3-9604-10c8c7280e22'),
 ('52', 'New Jersey', 'NJ', '233', '2017-06-05 00:30:42', '2017-06-05 00:30:42', '34bb2b12-e269-4acb-b0b8-0e9b90e01dba'),
 ('53', 'New Mexico', 'NM', '233', '2017-06-05 00:30:42', '2017-06-05 00:30:42', '5bc64cb4-bb4b-49c8-b191-459ce11af30c'),
 ('54', 'New York', 'NY', '233', '2017-06-05 00:30:42', '2017-06-05 00:30:42', 'b5049361-dfb7-4792-b343-55f4c7ca69f9'),
 ('55', 'North Carolina', 'NC', '233', '2017-06-05 00:30:42', '2017-06-05 00:30:42', '1bc8be79-c66d-448b-a708-811cea9f2d46'),
 ('56', 'North Dakota', 'ND', '233', '2017-06-05 00:30:42', '2017-06-05 00:30:42', 'a308ed2d-e9bf-4ea1-9691-872b3222d5db'),
 ('57', 'Ohio', 'OH', '233', '2017-06-05 00:30:42', '2017-06-05 00:30:42', 'ea7be83f-2716-440c-85c6-77beef068890'),
 ('58', 'Oklahoma', 'OK', '233', '2017-06-05 00:30:42', '2017-06-05 00:30:42', 'fa54753d-60b0-44d3-89ac-cc76264b57a9'),
 ('59', 'Oregon', 'OR', '233', '2017-06-05 00:30:42', '2017-06-05 00:30:42', '467af648-a398-4118-a518-95f0ebcf3842'),
 ('60', 'Pennsylvania', 'PA', '233', '2017-06-05 00:30:42', '2017-06-05 00:30:42', '20b9926b-8ac4-4910-9bf8-9c370aeb15f1'),
 ('61', 'Rhode Island', 'RI', '233', '2017-06-05 00:30:42', '2017-06-05 00:30:42', '07037da4-e3c4-462c-b43e-1d78d19a33c4'),
 ('62', 'South Carolina', 'SC', '233', '2017-06-05 00:30:42', '2017-06-05 00:30:42', 'b86ca535-1314-4146-88ab-df9690f9f0cc'),
 ('63', 'South Dakota', 'SD', '233', '2017-06-05 00:30:42', '2017-06-05 00:30:42', 'ff0db69e-cef7-42ab-ac45-3d30608c6f70'),
 ('64', 'Tennessee', 'TN', '233', '2017-06-05 00:30:42', '2017-06-05 00:30:42', '2f9b2ac2-fd22-42e0-8f32-e7c096b7f106'),
 ('65', 'Texas', 'TX', '233', '2017-06-05 00:30:42', '2017-06-05 00:30:42', 'a12d58c4-1bb7-4463-a205-a744bf3d70bc'),
 ('66', 'Utah', 'UT', '233', '2017-06-05 00:30:42', '2017-06-05 00:30:42', '55ccb3cd-3665-4c0b-8f19-389edcb77cef'),
 ('67', 'Vermont', 'VT', '233', '2017-06-05 00:30:42', '2017-06-05 00:30:42', '059e6836-41f4-4769-b8e4-3bd019a6d36b'),
 ('68', 'Virginia', 'VA', '233', '2017-06-05 00:30:42', '2017-06-05 00:30:42', '626103f6-7368-4b6e-bbd5-aa9697de32bf'),
 ('69', 'Washington', 'WA', '233', '2017-06-05 00:30:42', '2017-06-05 00:30:42', '5f29bd84-4d3b-4ac4-bfec-5075de6fc818'),
 ('70', 'West Virginia', 'WV', '233', '2017-06-05 00:30:42', '2017-06-05 00:30:42', '17055f8d-abee-4ab1-8254-8804fa620906'),
 ('71', 'Wisconsin', 'WI', '233', '2017-06-05 00:30:42', '2017-06-05 00:30:42', '6aa1bee4-63cc-43d6-aa8b-e5b37fa7d47e'),
 ('72', 'Wyoming', 'WY', '233', '2017-06-05 00:30:42', '2017-06-05 00:30:42', '651c2733-5681-460c-a3fe-f5f33eccc7cb');



DROP TABLE IF EXISTS `craft_commerce_taxcategories`;


--
-- Schema for table `craft_commerce_taxcategories`
--
CREATE TABLE `craft_commerce_taxcategories` (
  `id` int(11) NOT NULL AUTO_INCREMENT,
  `name` varchar(255) COLLATE utf8_unicode_ci NOT NULL,
  `handle` varchar(255) COLLATE utf8_unicode_ci NOT NULL,
  `description` varchar(255) COLLATE utf8_unicode_ci DEFAULT NULL,
  `default` tinyint(1) unsigned NOT NULL DEFAULT '0',
  `dateCreated` datetime NOT NULL,
  `dateUpdated` datetime NOT NULL,
  `uid` char(36) COLLATE utf8_unicode_ci NOT NULL DEFAULT '0',
  PRIMARY KEY (`id`),
  UNIQUE KEY `craft_commerce_taxcategories_handle_unq_idx` (`handle`)
) ENGINE=InnoDB AUTO_INCREMENT=2 DEFAULT CHARSET=utf8 COLLATE=utf8_unicode_ci;

--
-- Data for table `craft_commerce_taxcategories`
--

INSERT INTO `craft_commerce_taxcategories` (`id`, `name`, `handle`, `description`, `default`, `dateCreated`, `dateUpdated`, `uid`) VALUES
 ('1', 'General', 'general', NULL, '1', '2017-06-05 00:30:42', '2017-06-05 00:30:42', 'f45261ca-e465-4fda-804d-fbdc02a74841');



DROP TABLE IF EXISTS `craft_commerce_taxrates`;


--
-- Schema for table `craft_commerce_taxrates`
--
CREATE TABLE `craft_commerce_taxrates` (
  `id` int(11) NOT NULL AUTO_INCREMENT,
  `taxZoneId` int(11) NOT NULL,
  `taxCategoryId` int(11) NOT NULL,
  `name` varchar(255) COLLATE utf8_unicode_ci NOT NULL,
  `rate` decimal(14,4) NOT NULL,
  `include` tinyint(1) unsigned NOT NULL DEFAULT '0',
  `isVat` tinyint(1) unsigned NOT NULL DEFAULT '0',
  `taxable` enum('price','shipping','price_shipping','order_total_shipping','order_total_price') COLLATE utf8_unicode_ci NOT NULL,
  `dateCreated` datetime NOT NULL,
  `dateUpdated` datetime NOT NULL,
  `uid` char(36) COLLATE utf8_unicode_ci NOT NULL DEFAULT '0',
  PRIMARY KEY (`id`),
  KEY `craft_commerce_taxrates_taxZoneId_idx` (`taxZoneId`),
  KEY `craft_commerce_taxrates_taxCategoryId_idx` (`taxCategoryId`)
) ENGINE=InnoDB DEFAULT CHARSET=utf8 COLLATE=utf8_unicode_ci;

DROP TABLE IF EXISTS `craft_commerce_taxzone_countries`;


--
-- Schema for table `craft_commerce_taxzone_countries`
--
CREATE TABLE `craft_commerce_taxzone_countries` (
  `id` int(11) NOT NULL AUTO_INCREMENT,
  `taxZoneId` int(11) NOT NULL,
  `countryId` int(11) NOT NULL,
  `dateCreated` datetime NOT NULL,
  `dateUpdated` datetime NOT NULL,
  `uid` char(36) COLLATE utf8_unicode_ci NOT NULL DEFAULT '0',
  PRIMARY KEY (`id`),
  UNIQUE KEY `craft_commerce_taxzone_countries_taxZoneId_countryId_unq_idx` (`taxZoneId`,`countryId`),
  KEY `craft_commerce_taxzone_countries_taxZoneId_idx` (`taxZoneId`),
  KEY `craft_commerce_taxzone_countries_countryId_idx` (`countryId`)
) ENGINE=InnoDB DEFAULT CHARSET=utf8 COLLATE=utf8_unicode_ci;

DROP TABLE IF EXISTS `craft_commerce_taxzone_states`;


--
-- Schema for table `craft_commerce_taxzone_states`
--
CREATE TABLE `craft_commerce_taxzone_states` (
  `id` int(11) NOT NULL AUTO_INCREMENT,
  `taxZoneId` int(11) NOT NULL,
  `stateId` int(11) NOT NULL,
  `dateCreated` datetime NOT NULL,
  `dateUpdated` datetime NOT NULL,
  `uid` char(36) COLLATE utf8_unicode_ci NOT NULL DEFAULT '0',
  PRIMARY KEY (`id`),
  UNIQUE KEY `craft_commerce_taxzone_states_taxZoneId_stateId_unq_idx` (`taxZoneId`,`stateId`),
  KEY `craft_commerce_taxzone_states_taxZoneId_idx` (`taxZoneId`),
  KEY `craft_commerce_taxzone_states_stateId_idx` (`stateId`)
) ENGINE=InnoDB DEFAULT CHARSET=utf8 COLLATE=utf8_unicode_ci;

DROP TABLE IF EXISTS `craft_commerce_taxzones`;


--
-- Schema for table `craft_commerce_taxzones`
--
CREATE TABLE `craft_commerce_taxzones` (
  `id` int(11) NOT NULL AUTO_INCREMENT,
  `name` varchar(255) COLLATE utf8_unicode_ci NOT NULL,
  `description` varchar(255) COLLATE utf8_unicode_ci DEFAULT NULL,
  `countryBased` tinyint(1) unsigned NOT NULL DEFAULT '1',
  `default` tinyint(1) unsigned NOT NULL DEFAULT '0',
  `dateCreated` datetime NOT NULL,
  `dateUpdated` datetime NOT NULL,
  `uid` char(36) COLLATE utf8_unicode_ci NOT NULL DEFAULT '0',
  PRIMARY KEY (`id`),
  UNIQUE KEY `craft_commerce_taxzones_name_unq_idx` (`name`)
) ENGINE=InnoDB DEFAULT CHARSET=utf8 COLLATE=utf8_unicode_ci;

DROP TABLE IF EXISTS `craft_commerce_transactions`;


--
-- Schema for table `craft_commerce_transactions`
--
CREATE TABLE `craft_commerce_transactions` (
  `id` int(11) NOT NULL AUTO_INCREMENT,
  `parentId` int(11) DEFAULT NULL,
  `paymentMethodId` int(11) DEFAULT NULL,
  `userId` int(11) DEFAULT NULL,
  `hash` varchar(32) COLLATE utf8_unicode_ci DEFAULT NULL,
  `type` enum('authorize','capture','purchase','refund') COLLATE utf8_unicode_ci NOT NULL,
  `amount` decimal(14,4) DEFAULT NULL,
  `paymentAmount` decimal(14,4) DEFAULT NULL,
  `currency` varchar(255) COLLATE utf8_unicode_ci DEFAULT NULL,
  `paymentCurrency` varchar(255) COLLATE utf8_unicode_ci DEFAULT NULL,
  `paymentRate` decimal(14,4) DEFAULT NULL,
  `status` enum('pending','redirect','success','failed') COLLATE utf8_unicode_ci NOT NULL,
  `reference` varchar(255) COLLATE utf8_unicode_ci DEFAULT NULL,
  `code` varchar(255) COLLATE utf8_unicode_ci DEFAULT NULL,
  `message` text COLLATE utf8_unicode_ci,
  `response` text COLLATE utf8_unicode_ci,
  `orderId` int(10) NOT NULL,
  `dateCreated` datetime NOT NULL,
  `dateUpdated` datetime NOT NULL,
  `uid` char(36) COLLATE utf8_unicode_ci NOT NULL DEFAULT '0',
  PRIMARY KEY (`id`),
  KEY `craft_commerce_transactions_parentId_fk` (`parentId`),
  KEY `craft_commerce_transactions_paymentMethodId_fk` (`paymentMethodId`),
  KEY `craft_commerce_transactions_orderId_fk` (`orderId`),
  KEY `craft_commerce_transactions_userId_fk` (`userId`)
) ENGINE=InnoDB DEFAULT CHARSET=utf8 COLLATE=utf8_unicode_ci;

DROP TABLE IF EXISTS `craft_commerce_variants`;


--
-- Schema for table `craft_commerce_variants`
--
CREATE TABLE `craft_commerce_variants` (
  `productId` int(11) DEFAULT NULL,
  `id` int(11) NOT NULL,
  `sku` varchar(255) COLLATE utf8_unicode_ci NOT NULL,
  `isDefault` tinyint(1) unsigned NOT NULL DEFAULT '0',
  `price` decimal(14,4) NOT NULL,
  `sortOrder` int(10) DEFAULT NULL,
  `width` decimal(14,4) DEFAULT NULL,
  `height` decimal(14,4) DEFAULT NULL,
  `length` decimal(14,4) DEFAULT NULL,
  `weight` decimal(14,4) DEFAULT NULL,
  `stock` int(10) NOT NULL DEFAULT '0',
  `unlimitedStock` tinyint(1) unsigned NOT NULL DEFAULT '0',
  `minQty` int(10) DEFAULT NULL,
  `maxQty` int(10) DEFAULT NULL,
  `dateCreated` datetime NOT NULL,
  `dateUpdated` datetime NOT NULL,
  `uid` char(36) COLLATE utf8_unicode_ci NOT NULL DEFAULT '0',
  PRIMARY KEY (`id`),
  UNIQUE KEY `craft_commerce_variants_sku_unq_idx` (`sku`),
  KEY `craft_commerce_variants_productId_fk` (`productId`)
) ENGINE=InnoDB DEFAULT CHARSET=utf8 COLLATE=utf8_unicode_ci;

--
-- Data for table `craft_commerce_variants`
--

INSERT INTO `craft_commerce_variants` (`productId`, `id`, `sku`, `isDefault`, `price`, `sortOrder`, `width`, `height`, `length`, `weight`, `stock`, `unlimitedStock`, `minQty`, `maxQty`, `dateCreated`, `dateUpdated`, `uid`) VALUES
 ('7', '8', 'A New Toga', '1', '10.0000', NULL, '0.0000', '0.0000', '0.0000', '0.0000', '0', '1', NULL, NULL, '2017-06-05 00:30:42', '2017-06-05 00:30:42', '60162046-b9cd-412e-a1ae-d6c47fa0878f'),
 ('9', '10', 'Parka with Stripes on Back', '1', '20.0000', NULL, '0.0000', '0.0000', '0.0000', '0.0000', '0', '1', NULL, NULL, '2017-06-05 00:30:42', '2017-06-05 00:30:42', '221610de-8659-41b8-8292-259bd00898f4'),
 ('11', '12', 'Romper for a Red Eye', '1', '30.0000', NULL, '0.0000', '0.0000', '0.0000', '0.0000', '0', '1', NULL, NULL, '2017-06-05 00:30:42', '2017-06-05 00:30:42', 'c7434c96-0f25-45d0-bc5a-bf72f0bb79c5'),
 ('13', '14', 'The Fleece Awakens', '1', '40.0000', NULL, '0.0000', '0.0000', '0.0000', '0.0000', '0', '1', NULL, NULL, '2017-06-05 00:30:42', '2017-06-05 00:30:42', 'b549e70c-7bdf-491a-9c9e-a7a3c445d6d7');



DROP TABLE IF EXISTS `craft_content`;


--
-- Schema for table `craft_content`
--
CREATE TABLE `craft_content` (
  `id` int(11) NOT NULL AUTO_INCREMENT,
  `elementId` int(11) NOT NULL,
  `locale` char(12) COLLATE utf8_unicode_ci NOT NULL,
  `title` varchar(255) COLLATE utf8_unicode_ci DEFAULT NULL,
  `field_body` text COLLATE utf8_unicode_ci,
  `dateCreated` datetime NOT NULL,
  `dateUpdated` datetime NOT NULL,
  `uid` char(36) COLLATE utf8_unicode_ci NOT NULL DEFAULT '0',
  PRIMARY KEY (`id`),
  UNIQUE KEY `craft_content_elementId_locale_unq_idx` (`elementId`,`locale`),
  KEY `craft_content_title_idx` (`title`),
  KEY `craft_content_locale_fk` (`locale`)
) ENGINE=InnoDB AUTO_INCREMENT=19 DEFAULT CHARSET=utf8 COLLATE=utf8_unicode_ci;

--
-- Data for table `craft_content`
--

INSERT INTO `craft_content` (`id`, `elementId`, `locale`, `title`, `field_body`, `dateCreated`, `dateUpdated`, `uid`) VALUES
 ('1', '1', 'en_gb', NULL, NULL, '2017-06-04 14:41:00', '2017-06-04 14:41:00', 'd5d9f6b9-0f6b-44a6-b529-dc669935a0a0'),
 ('2', '2', 'en_gb', 'Home', '<p>Its true, this site doesnt have a whole lot of content yet, but dont worry. Our web developers have just installed the CMS, and theyre setting things up for the content editors this very moment. Soon Base-craft.dev will be an oasis of fresh perspectives, sharp analyses, and astute opinions that will keep you coming back again and again.</p>', '2017-06-04 14:41:02', '2017-06-04 16:32:28', '0ece5317-c5a6-40bf-bde7-a1ce47a1e8da'),
 ('4', '4', 'en_gb', 'About', NULL, '2017-06-04 16:32:23', '2017-06-04 16:32:23', '7b6d088c-1c44-402e-a346-d6092f0f52d8'),
 ('5', '5', 'en_gb', 'Contact', NULL, '2017-06-04 16:32:40', '2017-06-04 16:32:40', 'bcda8c39-f1b2-4594-80a0-16697d89e55d'),
 ('6', '6', 'en_gb', NULL, NULL, '2017-06-04 16:42:21', '2017-06-04 16:43:24', '5ae8d29e-90bc-48f2-afa6-0ec3b20f6f0c'),
 ('7', '7', 'en_gb', 'A New Toga', NULL, '2017-06-05 00:30:42', '2017-06-05 00:30:42', 'bc059b2b-5dfc-41ac-9aa5-4a0e29adfede'),
 ('8', '8', 'en_gb', 'A New Toga', NULL, '2017-06-05 00:30:42', '2017-06-05 00:30:42', '11719dcd-c183-4518-90a3-9ea0968cb66c'),
 ('9', '9', 'en_gb', 'Parka with Stripes on Back', NULL, '2017-06-05 00:30:42', '2017-06-05 00:30:42', '2b296cd0-759f-4d05-8baa-f650d899a056'),
 ('10', '10', 'en_gb', 'Parka with Stripes on Back', NULL, '2017-06-05 00:30:42', '2017-06-05 00:30:42', '05e2f0c3-2f91-4722-acac-1e236e37dd26'),
 ('11', '11', 'en_gb', 'Romper for a Red Eye', NULL, '2017-06-05 00:30:42', '2017-06-05 00:30:42', 'cc3943b1-b116-42e5-b38f-19049070de6f'),
 ('12', '12', 'en_gb', 'Romper for a Red Eye', NULL, '2017-06-05 00:30:42', '2017-06-05 00:30:42', '27a16e4c-3bca-410d-9394-ecb2d30edcad'),
 ('13', '13', 'en_gb', 'The Fleece Awakens', NULL, '2017-06-05 00:30:42', '2017-06-05 00:30:42', 'fe27ac5a-c5d6-4638-a7d3-a3f740a9dd45'),
 ('14', '14', 'en_gb', 'The Fleece Awakens', NULL, '2017-06-05 00:30:42', '2017-06-05 00:30:42', 'd7b93f85-1322-4f93-b89a-fcc482345dcf'),
 ('18', '18', 'en_gb', NULL, NULL, '2017-06-06 21:52:23', '2017-06-21 20:13:40', 'aa14d096-6fd0-4990-b8a9-3ea37f55c462');



DROP TABLE IF EXISTS `craft_deprecationerrors`;


--
-- Schema for table `craft_deprecationerrors`
--
CREATE TABLE `craft_deprecationerrors` (
  `id` int(11) NOT NULL AUTO_INCREMENT,
  `key` varchar(255) COLLATE utf8_unicode_ci NOT NULL,
  `fingerprint` varchar(255) COLLATE utf8_unicode_ci NOT NULL,
  `lastOccurrence` datetime NOT NULL,
  `file` varchar(255) COLLATE utf8_unicode_ci NOT NULL,
  `line` smallint(6) unsigned NOT NULL,
  `class` varchar(255) COLLATE utf8_unicode_ci DEFAULT NULL,
  `method` varchar(255) COLLATE utf8_unicode_ci DEFAULT NULL,
  `template` varchar(255) COLLATE utf8_unicode_ci DEFAULT NULL,
  `templateLine` smallint(6) unsigned DEFAULT NULL,
  `message` varchar(255) COLLATE utf8_unicode_ci DEFAULT NULL,
  `traces` text COLLATE utf8_unicode_ci,
  `dateCreated` datetime NOT NULL,
  `dateUpdated` datetime NOT NULL,
  `uid` char(36) COLLATE utf8_unicode_ci NOT NULL DEFAULT '0',
  PRIMARY KEY (`id`),
  UNIQUE KEY `craft_deprecationerrors_key_fingerprint_unq_idx` (`key`,`fingerprint`)
) ENGINE=InnoDB DEFAULT CHARSET=utf8 COLLATE=utf8_unicode_ci;

DROP TABLE IF EXISTS `craft_elementindexsettings`;


--
-- Schema for table `craft_elementindexsettings`
--
CREATE TABLE `craft_elementindexsettings` (
  `id` int(11) NOT NULL AUTO_INCREMENT,
  `type` varchar(150) COLLATE utf8_unicode_ci NOT NULL,
  `settings` text COLLATE utf8_unicode_ci,
  `dateCreated` datetime NOT NULL,
  `dateUpdated` datetime NOT NULL,
  `uid` char(36) COLLATE utf8_unicode_ci NOT NULL DEFAULT '0',
  PRIMARY KEY (`id`),
  UNIQUE KEY `craft_elementindexsettings_type_unq_idx` (`type`)
) ENGINE=InnoDB DEFAULT CHARSET=utf8 COLLATE=utf8_unicode_ci;

DROP TABLE IF EXISTS `craft_elements`;


--
-- Schema for table `craft_elements`
--
CREATE TABLE `craft_elements` (
  `id` int(11) NOT NULL AUTO_INCREMENT,
  `type` varchar(150) COLLATE utf8_unicode_ci NOT NULL,
  `enabled` tinyint(1) unsigned NOT NULL DEFAULT '1',
  `archived` tinyint(1) unsigned NOT NULL DEFAULT '0',
  `dateCreated` datetime NOT NULL,
  `dateUpdated` datetime NOT NULL,
  `uid` char(36) COLLATE utf8_unicode_ci NOT NULL DEFAULT '0',
  PRIMARY KEY (`id`),
  KEY `craft_elements_type_idx` (`type`),
  KEY `craft_elements_enabled_idx` (`enabled`),
  KEY `craft_elements_archived_dateCreated_idx` (`archived`,`dateCreated`)
) ENGINE=InnoDB AUTO_INCREMENT=19 DEFAULT CHARSET=utf8 COLLATE=utf8_unicode_ci;

--
-- Data for table `craft_elements`
--

INSERT INTO `craft_elements` (`id`, `type`, `enabled`, `archived`, `dateCreated`, `dateUpdated`, `uid`) VALUES
 ('1', 'User', '1', '0', '2017-06-04 14:41:00', '2017-06-04 14:41:00', '50869e5a-9529-4fe0-b22f-a0c7dd4886ca'),
 ('2', 'Entry', '1', '0', '2017-06-04 14:41:02', '2017-06-04 16:32:28', 'e40a3eb7-4089-4457-9ded-ed5192ca0935'),
 ('4', 'Entry', '1', '0', '2017-06-04 16:32:23', '2017-06-04 16:32:23', '3b6bc4a4-8dc1-4415-b4cb-36cb38bbafeb'),
 ('5', 'Entry', '1', '0', '2017-06-04 16:32:40', '2017-06-04 16:32:40', '486e1fac-9e67-436e-80c5-991574968b16'),
 ('6', 'GlobalSet', '1', '0', '2017-06-04 16:42:21', '2017-06-04 16:43:24', '03821f2e-fdda-4506-8357-7c1688690a8b'),
 ('7', 'Commerce_Product', '1', '0', '2017-06-05 00:30:42', '2017-06-05 00:30:42', '61bace06-7031-4f5c-800e-231e30a3ed1f'),
 ('8', 'Commerce_Variant', '1', '0', '2017-06-05 00:30:42', '2017-06-05 00:30:42', '91c9bc42-2546-4c57-ba28-25777b70792e'),
 ('9', 'Commerce_Product', '1', '0', '2017-06-05 00:30:42', '2017-06-05 00:30:42', '882968f1-4360-4981-b4ad-85e011e06fd8'),
 ('10', 'Commerce_Variant', '1', '0', '2017-06-05 00:30:42', '2017-06-05 00:30:42', '832fcae7-ba99-4e79-954a-6ca33897e2bc'),
 ('11', 'Commerce_Product', '1', '0', '2017-06-05 00:30:42', '2017-06-05 00:30:42', '5a4da19f-79ee-42b0-ad80-3f8701493eb9'),
 ('12', 'Commerce_Variant', '1', '0', '2017-06-05 00:30:42', '2017-06-05 00:30:42', 'f7134f9a-b0c8-40f9-8a7d-498ad80ecd2f'),
 ('13', 'Commerce_Product', '1', '0', '2017-06-05 00:30:42', '2017-06-05 00:30:42', '86979641-6e6f-46ba-9394-198201268b08'),
 ('14', 'Commerce_Variant', '1', '0', '2017-06-05 00:30:42', '2017-06-05 00:30:42', '445fd10d-32dc-4ddb-8f08-30be39c3c6e3'),
 ('18', 'Commerce_Order', '1', '0', '2017-06-06 21:52:23', '2017-06-21 20:13:40', '714aef77-75e3-4922-8395-22340da41287');



DROP TABLE IF EXISTS `craft_elements_i18n`;


--
-- Schema for table `craft_elements_i18n`
--
CREATE TABLE `craft_elements_i18n` (
  `id` int(11) NOT NULL AUTO_INCREMENT,
  `elementId` int(11) NOT NULL,
  `locale` char(12) COLLATE utf8_unicode_ci NOT NULL,
  `slug` varchar(255) COLLATE utf8_unicode_ci DEFAULT NULL,
  `uri` varchar(255) COLLATE utf8_unicode_ci DEFAULT NULL,
  `enabled` tinyint(1) unsigned NOT NULL DEFAULT '1',
  `dateCreated` datetime NOT NULL,
  `dateUpdated` datetime NOT NULL,
  `uid` char(36) COLLATE utf8_unicode_ci NOT NULL DEFAULT '0',
  PRIMARY KEY (`id`),
  UNIQUE KEY `craft_elements_i18n_elementId_locale_unq_idx` (`elementId`,`locale`),
  UNIQUE KEY `craft_elements_i18n_uri_locale_unq_idx` (`uri`,`locale`),
  KEY `craft_elements_i18n_slug_locale_idx` (`slug`,`locale`),
  KEY `craft_elements_i18n_enabled_idx` (`enabled`),
  KEY `craft_elements_i18n_locale_fk` (`locale`)
) ENGINE=InnoDB AUTO_INCREMENT=19 DEFAULT CHARSET=utf8 COLLATE=utf8_unicode_ci;

--
-- Data for table `craft_elements_i18n`
--

INSERT INTO `craft_elements_i18n` (`id`, `elementId`, `locale`, `slug`, `uri`, `enabled`, `dateCreated`, `dateUpdated`, `uid`) VALUES
 ('1', '1', 'en_gb', '', NULL, '1', '2017-06-04 14:41:00', '2017-06-04 14:41:00', '03b389dd-cdd3-4c5e-8bed-dcbd488535a4'),
 ('2', '2', 'en_gb', 'homepage', '__home__', '1', '2017-06-04 14:41:02', '2017-06-04 16:32:28', 'c0a7192b-9641-4945-b8aa-f2b42c7f86c3'),
 ('4', '4', 'en_gb', 'about', 'about', '1', '2017-06-04 16:32:23', '2017-06-04 16:32:23', 'a1416ab2-a0d9-4d9d-9e78-b4e11186d739'),
 ('5', '5', 'en_gb', 'contact', 'contact', '1', '2017-06-04 16:32:40', '2017-06-04 16:32:40', '9fc4c3c2-ea01-418e-b782-f4e639926c6a'),
 ('6', '6', 'en_gb', '', NULL, '1', '2017-06-04 16:42:21', '2017-06-04 16:43:24', 'ff33d017-a1da-4747-b840-2c9b93f623ef'),
 ('7', '7', 'en_gb', 'a-new-toga', 'shop/products/a-new-toga', '1', '2017-06-05 00:30:42', '2017-06-05 00:30:42', 'd4616f3c-d1b3-4a88-9b22-a131f05bab76'),
 ('8', '8', 'en_gb', 'a-new-toga', NULL, '1', '2017-06-05 00:30:42', '2017-06-05 00:30:42', '7702af62-9688-4406-913e-58489ef97714'),
 ('9', '9', 'en_gb', 'parka-with-stripes-on-back', 'shop/products/parka-with-stripes-on-back', '1', '2017-06-05 00:30:42', '2017-06-05 00:30:42', '3814cd2e-f4da-489d-b722-20527f1b0a78'),
 ('10', '10', 'en_gb', 'parka-with-stripes-on-back', NULL, '1', '2017-06-05 00:30:42', '2017-06-05 00:30:42', 'c6f3d8e9-78a5-4708-a85a-afc5ec811eba'),
 ('11', '11', 'en_gb', 'romper-for-a-red-eye', 'shop/products/romper-for-a-red-eye', '1', '2017-06-05 00:30:42', '2017-06-05 00:30:42', '2a340690-58b9-46c6-a282-ed9fd8b2e289'),
 ('12', '12', 'en_gb', 'romper-for-a-red-eye', NULL, '1', '2017-06-05 00:30:42', '2017-06-05 00:30:42', '835990cc-e98d-427f-b7a7-c0a99eb924d3'),
 ('13', '13', 'en_gb', 'the-fleece-awakens', 'shop/products/the-fleece-awakens', '1', '2017-06-05 00:30:42', '2017-06-05 00:30:42', 'b1910684-19b4-4ac9-80b2-81f5649bc0da'),
 ('14', '14', 'en_gb', 'the-fleece-awakens', NULL, '1', '2017-06-05 00:30:42', '2017-06-05 00:30:42', 'c5a2ff78-a1c6-4d36-b698-23a6cbb2d080'),
 ('18', '18', 'en_gb', '', NULL, '1', '2017-06-06 21:52:23', '2017-06-21 20:13:40', '624197f5-5653-49e8-9aca-37a80e2b46b2');



DROP TABLE IF EXISTS `craft_emailmessages`;


--
-- Schema for table `craft_emailmessages`
--
CREATE TABLE `craft_emailmessages` (
  `id` int(11) NOT NULL AUTO_INCREMENT,
  `key` char(150) COLLATE utf8_unicode_ci NOT NULL,
  `locale` char(12) COLLATE utf8_unicode_ci NOT NULL,
  `subject` varchar(1000) COLLATE utf8_unicode_ci NOT NULL,
  `body` text COLLATE utf8_unicode_ci NOT NULL,
  `dateCreated` datetime NOT NULL,
  `dateUpdated` datetime NOT NULL,
  `uid` char(36) COLLATE utf8_unicode_ci NOT NULL DEFAULT '0',
  PRIMARY KEY (`id`),
  UNIQUE KEY `craft_emailmessages_key_locale_unq_idx` (`key`,`locale`),
  KEY `craft_emailmessages_locale_fk` (`locale`)
) ENGINE=InnoDB DEFAULT CHARSET=utf8 COLLATE=utf8_unicode_ci;

DROP TABLE IF EXISTS `craft_entries`;


--
-- Schema for table `craft_entries`
--
CREATE TABLE `craft_entries` (
  `id` int(11) NOT NULL,
  `sectionId` int(11) NOT NULL,
  `typeId` int(11) DEFAULT NULL,
  `authorId` int(11) DEFAULT NULL,
  `postDate` datetime DEFAULT NULL,
  `expiryDate` datetime DEFAULT NULL,
  `dateCreated` datetime NOT NULL,
  `dateUpdated` datetime NOT NULL,
  `uid` char(36) COLLATE utf8_unicode_ci NOT NULL DEFAULT '0',
  PRIMARY KEY (`id`),
  KEY `craft_entries_sectionId_idx` (`sectionId`),
  KEY `craft_entries_typeId_idx` (`typeId`),
  KEY `craft_entries_postDate_idx` (`postDate`),
  KEY `craft_entries_expiryDate_idx` (`expiryDate`),
  KEY `craft_entries_authorId_fk` (`authorId`)
) ENGINE=InnoDB DEFAULT CHARSET=utf8 COLLATE=utf8_unicode_ci;

--
-- Data for table `craft_entries`
--

INSERT INTO `craft_entries` (`id`, `sectionId`, `typeId`, `authorId`, `postDate`, `expiryDate`, `dateCreated`, `dateUpdated`, `uid`) VALUES
 ('2', '1', '1', NULL, '2017-06-04 16:32:27', NULL, '2017-06-04 14:41:02', '2017-06-04 16:32:27', '706c5b01-8367-48f6-8c6c-3c4195cfb4ad'),
 ('4', '3', NULL, NULL, '2017-06-04 16:32:23', NULL, '2017-06-04 16:32:23', '2017-06-04 16:32:23', 'b438e60b-2d2d-4a00-85ce-355b9861d108'),
 ('5', '4', NULL, NULL, '2017-06-04 16:32:40', NULL, '2017-06-04 16:32:40', '2017-06-04 16:32:40', '79f477d0-c8cb-499b-a03a-1495405e8288');



DROP TABLE IF EXISTS `craft_entrydrafts`;


--
-- Schema for table `craft_entrydrafts`
--
CREATE TABLE `craft_entrydrafts` (
  `id` int(11) NOT NULL AUTO_INCREMENT,
  `entryId` int(11) NOT NULL,
  `sectionId` int(11) NOT NULL,
  `creatorId` int(11) NOT NULL,
  `locale` char(12) COLLATE utf8_unicode_ci NOT NULL,
  `name` varchar(255) COLLATE utf8_unicode_ci NOT NULL,
  `notes` tinytext COLLATE utf8_unicode_ci,
  `data` mediumtext COLLATE utf8_unicode_ci NOT NULL,
  `dateCreated` datetime NOT NULL,
  `dateUpdated` datetime NOT NULL,
  `uid` char(36) COLLATE utf8_unicode_ci NOT NULL DEFAULT '0',
  PRIMARY KEY (`id`),
  KEY `craft_entrydrafts_entryId_locale_idx` (`entryId`,`locale`),
  KEY `craft_entrydrafts_sectionId_fk` (`sectionId`),
  KEY `craft_entrydrafts_creatorId_fk` (`creatorId`),
  KEY `craft_entrydrafts_locale_fk` (`locale`)
) ENGINE=InnoDB DEFAULT CHARSET=utf8 COLLATE=utf8_unicode_ci;

DROP TABLE IF EXISTS `craft_entrytypes`;


--
-- Schema for table `craft_entrytypes`
--
CREATE TABLE `craft_entrytypes` (
  `id` int(11) NOT NULL AUTO_INCREMENT,
  `sectionId` int(11) NOT NULL,
  `fieldLayoutId` int(11) DEFAULT NULL,
  `name` varchar(255) COLLATE utf8_unicode_ci NOT NULL,
  `handle` varchar(255) COLLATE utf8_unicode_ci NOT NULL,
  `hasTitleField` tinyint(1) unsigned NOT NULL DEFAULT '1',
  `titleLabel` varchar(255) COLLATE utf8_unicode_ci DEFAULT 'Title',
  `titleFormat` varchar(255) COLLATE utf8_unicode_ci DEFAULT NULL,
  `sortOrder` smallint(6) unsigned DEFAULT NULL,
  `dateCreated` datetime NOT NULL,
  `dateUpdated` datetime NOT NULL,
  `uid` char(36) COLLATE utf8_unicode_ci NOT NULL DEFAULT '0',
  PRIMARY KEY (`id`),
  UNIQUE KEY `craft_entrytypes_name_sectionId_unq_idx` (`name`,`sectionId`),
  UNIQUE KEY `craft_entrytypes_handle_sectionId_unq_idx` (`handle`,`sectionId`),
  KEY `craft_entrytypes_sectionId_fk` (`sectionId`),
  KEY `craft_entrytypes_fieldLayoutId_fk` (`fieldLayoutId`)
) ENGINE=InnoDB AUTO_INCREMENT=5 DEFAULT CHARSET=utf8 COLLATE=utf8_unicode_ci;

--
-- Data for table `craft_entrytypes`
--

INSERT INTO `craft_entrytypes` (`id`, `sectionId`, `fieldLayoutId`, `name`, `handle`, `hasTitleField`, `titleLabel`, `titleFormat`, `sortOrder`, `dateCreated`, `dateUpdated`, `uid`) VALUES
 ('1', '1', '3', 'Home', 'homepage', '1', 'Title', NULL, '1', '2017-06-04 14:41:02', '2017-06-04 14:45:14', '25597a7b-ad57-4342-93bd-29369b02f190'),
 ('3', '3', '6', 'About', 'about', '0', NULL, '{section.name|raw}', '1', '2017-06-04 16:32:23', '2017-06-04 16:32:23', '137b7e30-9605-421a-967e-a61967886a4f'),
 ('4', '4', '7', 'Contact', 'contact', '0', NULL, '{section.name|raw}', '1', '2017-06-04 16:32:40', '2017-06-04 16:32:40', 'c2f3fd60-c67e-4649-8fe0-7a62335cbdf1');



DROP TABLE IF EXISTS `craft_entryversions`;


--
-- Schema for table `craft_entryversions`
--
CREATE TABLE `craft_entryversions` (
  `id` int(11) NOT NULL AUTO_INCREMENT,
  `entryId` int(11) NOT NULL,
  `sectionId` int(11) NOT NULL,
  `creatorId` int(11) DEFAULT NULL,
  `locale` char(12) COLLATE utf8_unicode_ci NOT NULL,
  `num` smallint(6) unsigned NOT NULL,
  `notes` tinytext COLLATE utf8_unicode_ci,
  `data` mediumtext COLLATE utf8_unicode_ci NOT NULL,
  `dateCreated` datetime NOT NULL,
  `dateUpdated` datetime NOT NULL,
  `uid` char(36) COLLATE utf8_unicode_ci NOT NULL DEFAULT '0',
  PRIMARY KEY (`id`),
  KEY `craft_entryversions_entryId_locale_idx` (`entryId`,`locale`),
  KEY `craft_entryversions_sectionId_fk` (`sectionId`),
  KEY `craft_entryversions_creatorId_fk` (`creatorId`),
  KEY `craft_entryversions_locale_fk` (`locale`)
) ENGINE=InnoDB AUTO_INCREMENT=7 DEFAULT CHARSET=utf8 COLLATE=utf8_unicode_ci;

--
-- Data for table `craft_entryversions`
--

INSERT INTO `craft_entryversions` (`id`, `entryId`, `sectionId`, `creatorId`, `locale`, `num`, `notes`, `data`, `dateCreated`, `dateUpdated`, `uid`) VALUES
 ('1', '2', '1', '1', 'en_gb', '1', NULL, '{\"typeId\":\"1\",\"authorId\":null,\"title\":\"Homepage\",\"slug\":\"homepage\",\"postDate\":1496587262,\"expiryDate\":null,\"enabled\":1,\"parentId\":null,\"fields\":[]}', '2017-06-04 14:41:02', '2017-06-04 14:41:02', '084ceca9-3e0e-4714-b7c5-671209a1c59f'),
 ('2', '2', '1', '1', 'en_gb', '2', NULL, '{\"typeId\":null,\"authorId\":null,\"title\":\"Welcome to Base-craft.dev!\",\"slug\":\"homepage\",\"postDate\":1496587262,\"expiryDate\":null,\"enabled\":\"1\",\"parentId\":null,\"fields\":{\"1\":\"<p>It\\u2019s true, this site doesn\\u2019t have a whole lot of content yet, but don\\u2019t worry. Our web developers have just installed the CMS, and they\\u2019re setting things up for the content editors this very moment. Soon Base-craft.dev will be an oasis of fresh perspectives, sharp analyses, and astute opinions that will keep you coming back again and again.<\\/p>\"}}', '2017-06-04 14:41:02', '2017-06-04 14:41:02', '59506729-ec21-4940-a426-ea344b77344c'),
 ('4', '2', '1', '1', 'en_gb', '3', '', '{\"typeId\":\"1\",\"authorId\":null,\"title\":\"Home\",\"slug\":\"homepage\",\"postDate\":1496587514,\"expiryDate\":null,\"enabled\":1,\"parentId\":null,\"fields\":{\"1\":\"<p>It\\u2019s true, this site doesn\\u2019t have a whole lot of content yet, but don\\u2019t worry. Our web developers have just installed the CMS, and they\\u2019re setting things up for the content editors this very moment. Soon Base-craft.dev will be an oasis of fresh perspectives, sharp analyses, and astute opinions that will keep you coming back again and again.<\\/p>\"}}', '2017-06-04 16:31:37', '2017-06-04 16:31:37', 'a8b295e1-9fb5-4b67-8484-fab8f4b3226b'),
 ('5', '4', '3', '1', 'en_gb', '1', NULL, '{\"typeId\":\"3\",\"authorId\":null,\"title\":\"About\",\"slug\":\"about\",\"postDate\":1496593943,\"expiryDate\":null,\"enabled\":1,\"parentId\":null,\"fields\":[]}', '2017-06-04 16:32:23', '2017-06-04 16:32:23', 'ad02706e-1743-4c92-8354-fdea1efd510c'),
 ('6', '5', '4', '1', 'en_gb', '1', NULL, '{\"typeId\":\"4\",\"authorId\":null,\"title\":\"Contact\",\"slug\":\"contact\",\"postDate\":1496593960,\"expiryDate\":null,\"enabled\":1,\"parentId\":null,\"fields\":[]}', '2017-06-04 16:32:40', '2017-06-04 16:32:40', '33330dc9-2ba0-4d32-a6f7-1fea8a86c5ca');



DROP TABLE IF EXISTS `craft_fieldgroups`;


--
-- Schema for table `craft_fieldgroups`
--
CREATE TABLE `craft_fieldgroups` (
  `id` int(11) NOT NULL AUTO_INCREMENT,
  `name` varchar(255) COLLATE utf8_unicode_ci NOT NULL,
  `dateCreated` datetime NOT NULL,
  `dateUpdated` datetime NOT NULL,
  `uid` char(36) COLLATE utf8_unicode_ci NOT NULL DEFAULT '0',
  PRIMARY KEY (`id`),
  UNIQUE KEY `craft_fieldgroups_name_unq_idx` (`name`)
) ENGINE=InnoDB AUTO_INCREMENT=2 DEFAULT CHARSET=utf8 COLLATE=utf8_unicode_ci;

--
-- Data for table `craft_fieldgroups`
--

INSERT INTO `craft_fieldgroups` (`id`, `name`, `dateCreated`, `dateUpdated`, `uid`) VALUES
 ('1', 'Default', '2017-06-04 14:41:02', '2017-06-04 14:41:02', 'c5d40533-cb97-48a4-a184-166d142a7097');



DROP TABLE IF EXISTS `craft_fieldlayoutfields`;


--
-- Schema for table `craft_fieldlayoutfields`
--
CREATE TABLE `craft_fieldlayoutfields` (
  `id` int(11) NOT NULL AUTO_INCREMENT,
  `layoutId` int(11) NOT NULL,
  `tabId` int(11) NOT NULL,
  `fieldId` int(11) NOT NULL,
  `required` tinyint(1) unsigned NOT NULL DEFAULT '0',
  `sortOrder` smallint(6) unsigned DEFAULT NULL,
  `dateCreated` datetime NOT NULL,
  `dateUpdated` datetime NOT NULL,
  `uid` char(36) COLLATE utf8_unicode_ci NOT NULL DEFAULT '0',
  PRIMARY KEY (`id`),
  UNIQUE KEY `craft_fieldlayoutfields_layoutId_fieldId_unq_idx` (`layoutId`,`fieldId`),
  KEY `craft_fieldlayoutfields_sortOrder_idx` (`sortOrder`),
  KEY `craft_fieldlayoutfields_tabId_fk` (`tabId`),
  KEY `craft_fieldlayoutfields_fieldId_fk` (`fieldId`)
) ENGINE=InnoDB AUTO_INCREMENT=5 DEFAULT CHARSET=utf8 COLLATE=utf8_unicode_ci;

--
-- Data for table `craft_fieldlayoutfields`
--

INSERT INTO `craft_fieldlayoutfields` (`id`, `layoutId`, `tabId`, `fieldId`, `required`, `sortOrder`, `dateCreated`, `dateUpdated`, `uid`) VALUES
 ('1', '3', '1', '1', '1', '1', '2017-06-04 14:41:02', '2017-06-04 14:41:02', 'ef2f709f-2ea1-4521-8a89-5388ffdceb61'),
 ('4', '9', '3', '3', '0', '1', '2017-06-04 16:43:13', '2017-06-04 16:43:13', '3b7e8966-3d0c-471a-bf8d-d4345fd0574c');



DROP TABLE IF EXISTS `craft_fieldlayouts`;


--
-- Schema for table `craft_fieldlayouts`
--
CREATE TABLE `craft_fieldlayouts` (
  `id` int(11) NOT NULL AUTO_INCREMENT,
  `type` varchar(150) COLLATE utf8_unicode_ci NOT NULL,
  `dateCreated` datetime NOT NULL,
  `dateUpdated` datetime NOT NULL,
  `uid` char(36) COLLATE utf8_unicode_ci NOT NULL DEFAULT '0',
  PRIMARY KEY (`id`),
  KEY `craft_fieldlayouts_type_idx` (`type`)
) ENGINE=InnoDB AUTO_INCREMENT=15 DEFAULT CHARSET=utf8 COLLATE=utf8_unicode_ci;

--
-- Data for table `craft_fieldlayouts`
--

INSERT INTO `craft_fieldlayouts` (`id`, `type`, `dateCreated`, `dateUpdated`, `uid`) VALUES
 ('1', 'Tag', '2017-06-04 14:41:02', '2017-06-04 14:41:02', 'af430190-8e8a-451c-af9b-e2afb32b5fec'),
 ('3', 'Entry', '2017-06-04 14:41:02', '2017-06-04 14:41:02', '95f2d726-219c-4ea2-836d-ca049797b3fb'),
 ('6', 'Entry', '2017-06-04 16:32:23', '2017-06-04 16:32:23', '0e7bc677-85f5-4182-962a-febfa88c864c'),
 ('7', 'Entry', '2017-06-04 16:32:40', '2017-06-04 16:32:40', 'e3dc9e32-61c1-4413-a2ba-c74a91eebf92'),
 ('9', 'GlobalSet', '2017-06-04 16:43:13', '2017-06-04 16:43:13', 'e52e2cc1-28da-4b4d-802a-d4025c795b71'),
 ('10', 'Commerce_Order', '2017-06-05 00:30:42', '2017-06-05 00:30:42', 'e46b64ab-09fb-4d4b-9512-caed8fe9746d'),
 ('11', 'Commerce_Product', '2017-06-05 00:30:42', '2017-06-05 00:30:42', '39cd18d7-3676-484d-987e-387c98a0ab52'),
 ('12', 'Commerce_Variant', '2017-06-05 00:30:42', '2017-06-05 00:30:42', 'daab5c0e-ae39-4d87-ba2d-6555c78bd390'),
 ('13', 'Commerce_Product', '2017-06-05 00:30:42', '2017-06-05 00:30:42', 'd44279e7-2fd0-44e8-98d2-d4c08721200b'),
 ('14', 'Commerce_Variant', '2017-06-05 00:30:42', '2017-06-05 00:30:42', 'ac8625eb-0da0-481c-ae4f-d7b7c690d1db');



DROP TABLE IF EXISTS `craft_fieldlayouttabs`;


--
-- Schema for table `craft_fieldlayouttabs`
--
CREATE TABLE `craft_fieldlayouttabs` (
  `id` int(11) NOT NULL AUTO_INCREMENT,
  `layoutId` int(11) NOT NULL,
  `name` varchar(255) COLLATE utf8_unicode_ci NOT NULL,
  `sortOrder` smallint(6) unsigned DEFAULT NULL,
  `dateCreated` datetime NOT NULL,
  `dateUpdated` datetime NOT NULL,
  `uid` char(36) COLLATE utf8_unicode_ci NOT NULL DEFAULT '0',
  PRIMARY KEY (`id`),
  KEY `craft_fieldlayouttabs_sortOrder_idx` (`sortOrder`),
  KEY `craft_fieldlayouttabs_layoutId_fk` (`layoutId`)
) ENGINE=InnoDB AUTO_INCREMENT=4 DEFAULT CHARSET=utf8 COLLATE=utf8_unicode_ci;

--
-- Data for table `craft_fieldlayouttabs`
--

INSERT INTO `craft_fieldlayouttabs` (`id`, `layoutId`, `name`, `sortOrder`, `dateCreated`, `dateUpdated`, `uid`) VALUES
 ('1', '3', 'Content', '1', '2017-06-04 14:41:02', '2017-06-04 14:41:02', '88d7614e-476f-4e73-9ec0-15810819ff28'),
 ('3', '9', 'Content', '1', '2017-06-04 16:43:13', '2017-06-04 16:43:13', 'ce935ecc-881a-456f-9611-180260021026');



DROP TABLE IF EXISTS `craft_fields`;


--
-- Schema for table `craft_fields`
--
CREATE TABLE `craft_fields` (
  `id` int(11) NOT NULL AUTO_INCREMENT,
  `groupId` int(11) DEFAULT NULL,
  `name` varchar(255) COLLATE utf8_unicode_ci NOT NULL,
  `handle` varchar(58) COLLATE utf8_unicode_ci NOT NULL,
  `context` varchar(255) COLLATE utf8_unicode_ci NOT NULL DEFAULT 'global',
  `instructions` text COLLATE utf8_unicode_ci,
  `translatable` tinyint(1) unsigned NOT NULL DEFAULT '0',
  `type` varchar(150) COLLATE utf8_unicode_ci NOT NULL,
  `settings` text COLLATE utf8_unicode_ci,
  `dateCreated` datetime NOT NULL,
  `dateUpdated` datetime NOT NULL,
  `uid` char(36) COLLATE utf8_unicode_ci NOT NULL DEFAULT '0',
  PRIMARY KEY (`id`),
  UNIQUE KEY `craft_fields_handle_context_unq_idx` (`handle`,`context`),
  KEY `craft_fields_context_idx` (`context`),
  KEY `craft_fields_groupId_fk` (`groupId`)
) ENGINE=InnoDB AUTO_INCREMENT=4 DEFAULT CHARSET=utf8 COLLATE=utf8_unicode_ci;

--
-- Data for table `craft_fields`
--

INSERT INTO `craft_fields` (`id`, `groupId`, `name`, `handle`, `context`, `instructions`, `translatable`, `type`, `settings`, `dateCreated`, `dateUpdated`, `uid`) VALUES
 ('1', '1', 'Body', 'body', 'global', NULL, '1', 'RichText', '{\"configFile\":\"Standard.json\",\"columnType\":\"text\"}', '2017-06-04 14:41:02', '2017-06-04 14:41:02', 'c5e241d5-11df-4893-86b0-5fa0d83dd8c5'),
 ('2', '1', 'Tags', 'tags', 'global', NULL, '0', 'Tags', '{\"source\":\"taggroup:1\"}', '2017-06-04 14:41:02', '2017-06-04 14:41:02', '3609e830-9f79-41cd-a382-7c969fc9e598'),
 ('3', '1', 'Primary Nav', 'primaryNav', 'global', '', '0', 'Entries', '{\"sources\":[\"singles\"],\"limit\":\"\",\"selectionLabel\":\"Add an entry\"}', '2017-06-04 16:42:46', '2017-06-04 16:42:46', 'b3cb3be0-ef4f-4146-9186-8147966c038e');



DROP TABLE IF EXISTS `craft_globalsets`;


--
-- Schema for table `craft_globalsets`
--
CREATE TABLE `craft_globalsets` (
  `id` int(11) NOT NULL,
  `name` varchar(255) COLLATE utf8_unicode_ci NOT NULL,
  `handle` varchar(255) COLLATE utf8_unicode_ci NOT NULL,
  `fieldLayoutId` int(10) DEFAULT NULL,
  `dateCreated` datetime NOT NULL,
  `dateUpdated` datetime NOT NULL,
  `uid` char(36) COLLATE utf8_unicode_ci NOT NULL DEFAULT '0',
  PRIMARY KEY (`id`),
  UNIQUE KEY `craft_globalsets_name_unq_idx` (`name`),
  UNIQUE KEY `craft_globalsets_handle_unq_idx` (`handle`),
  KEY `craft_globalsets_fieldLayoutId_fk` (`fieldLayoutId`)
) ENGINE=InnoDB DEFAULT CHARSET=utf8 COLLATE=utf8_unicode_ci;

--
-- Data for table `craft_globalsets`
--

INSERT INTO `craft_globalsets` (`id`, `name`, `handle`, `fieldLayoutId`, `dateCreated`, `dateUpdated`, `uid`) VALUES
 ('6', 'Primary Nav', 'primaryNav', '9', '2017-06-04 16:42:21', '2017-06-04 16:43:13', '2f31b1d2-72e2-4da1-b0de-da604a3b2edb');



DROP TABLE IF EXISTS `craft_info`;


--
-- Schema for table `craft_info`
--
CREATE TABLE `craft_info` (
  `id` int(11) NOT NULL AUTO_INCREMENT,
  `version` varchar(50) COLLATE utf8_unicode_ci NOT NULL,
  `schemaVersion` varchar(15) COLLATE utf8_unicode_ci NOT NULL,
  `edition` tinyint(1) unsigned NOT NULL DEFAULT '0',
  `siteName` varchar(100) COLLATE utf8_unicode_ci NOT NULL,
  `siteUrl` varchar(255) COLLATE utf8_unicode_ci NOT NULL,
  `timezone` varchar(30) COLLATE utf8_unicode_ci DEFAULT NULL,
  `on` tinyint(1) unsigned NOT NULL DEFAULT '0',
  `maintenance` tinyint(1) unsigned NOT NULL DEFAULT '0',
  `dateCreated` datetime NOT NULL,
  `dateUpdated` datetime NOT NULL,
  `uid` char(36) COLLATE utf8_unicode_ci NOT NULL DEFAULT '0',
  PRIMARY KEY (`id`)
) ENGINE=InnoDB AUTO_INCREMENT=2 DEFAULT CHARSET=utf8 COLLATE=utf8_unicode_ci;

--
-- Data for table `craft_info`
--

INSERT INTO `craft_info` (`id`, `version`, `schemaVersion`, `edition`, `siteName`, `siteUrl`, `timezone`, `on`, `maintenance`, `dateCreated`, `dateUpdated`, `uid`) VALUES
 ('1', '2.6.2982', '2.6.9', '0', 'EC', 'http://ec.dev', 'UTC', '1', '0', '2017-06-04 14:40:59', '2017-06-08 00:33:09', 'f767c7ef-6cf6-4129-9de3-3fb52abdefce');



DROP TABLE IF EXISTS `craft_locales`;


--
-- Schema for table `craft_locales`
--
CREATE TABLE `craft_locales` (
  `locale` char(12) COLLATE utf8_unicode_ci NOT NULL,
  `sortOrder` smallint(6) unsigned DEFAULT NULL,
  `dateCreated` datetime NOT NULL,
  `dateUpdated` datetime NOT NULL,
  `uid` char(36) COLLATE utf8_unicode_ci NOT NULL DEFAULT '0',
  PRIMARY KEY (`locale`),
  KEY `craft_locales_sortOrder_idx` (`sortOrder`)
) ENGINE=InnoDB DEFAULT CHARSET=utf8 COLLATE=utf8_unicode_ci;

--
-- Data for table `craft_locales`
--

INSERT INTO `craft_locales` (`locale`, `sortOrder`, `dateCreated`, `dateUpdated`, `uid`) VALUES
 ('en_gb', '1', '2017-06-04 14:40:59', '2017-06-04 14:40:59', '4d13abd3-f00f-492b-a2e6-0c20aff4d26e');



DROP TABLE IF EXISTS `craft_matrixblocks`;


--
-- Schema for table `craft_matrixblocks`
--
CREATE TABLE `craft_matrixblocks` (
  `id` int(11) NOT NULL,
  `ownerId` int(11) NOT NULL,
  `fieldId` int(11) NOT NULL,
  `typeId` int(11) DEFAULT NULL,
  `sortOrder` smallint(6) unsigned DEFAULT NULL,
  `ownerLocale` char(12) COLLATE utf8_unicode_ci DEFAULT NULL,
  `dateCreated` datetime NOT NULL,
  `dateUpdated` datetime NOT NULL,
  `uid` char(36) COLLATE utf8_unicode_ci NOT NULL DEFAULT '0',
  PRIMARY KEY (`id`),
  KEY `craft_matrixblocks_ownerId_idx` (`ownerId`),
  KEY `craft_matrixblocks_fieldId_idx` (`fieldId`),
  KEY `craft_matrixblocks_typeId_idx` (`typeId`),
  KEY `craft_matrixblocks_sortOrder_idx` (`sortOrder`),
  KEY `craft_matrixblocks_ownerLocale_fk` (`ownerLocale`)
) ENGINE=InnoDB DEFAULT CHARSET=utf8 COLLATE=utf8_unicode_ci;

DROP TABLE IF EXISTS `craft_matrixblocktypes`;


--
-- Schema for table `craft_matrixblocktypes`
--
CREATE TABLE `craft_matrixblocktypes` (
  `id` int(11) NOT NULL AUTO_INCREMENT,
  `fieldId` int(11) NOT NULL,
  `fieldLayoutId` int(11) DEFAULT NULL,
  `name` varchar(255) COLLATE utf8_unicode_ci NOT NULL,
  `handle` varchar(255) COLLATE utf8_unicode_ci NOT NULL,
  `sortOrder` smallint(6) unsigned DEFAULT NULL,
  `dateCreated` datetime NOT NULL,
  `dateUpdated` datetime NOT NULL,
  `uid` char(36) COLLATE utf8_unicode_ci NOT NULL DEFAULT '0',
  PRIMARY KEY (`id`),
  UNIQUE KEY `craft_matrixblocktypes_name_fieldId_unq_idx` (`name`,`fieldId`),
  UNIQUE KEY `craft_matrixblocktypes_handle_fieldId_unq_idx` (`handle`,`fieldId`),
  KEY `craft_matrixblocktypes_fieldId_fk` (`fieldId`),
  KEY `craft_matrixblocktypes_fieldLayoutId_fk` (`fieldLayoutId`)
) ENGINE=InnoDB DEFAULT CHARSET=utf8 COLLATE=utf8_unicode_ci;

DROP TABLE IF EXISTS `craft_migrations`;


--
-- Schema for table `craft_migrations`
--
CREATE TABLE `craft_migrations` (
  `id` int(11) NOT NULL AUTO_INCREMENT,
  `pluginId` int(11) DEFAULT NULL,
  `version` varchar(255) COLLATE utf8_unicode_ci NOT NULL,
  `applyTime` datetime NOT NULL,
  `dateCreated` datetime NOT NULL,
  `dateUpdated` datetime NOT NULL,
  `uid` char(36) COLLATE utf8_unicode_ci NOT NULL DEFAULT '0',
  PRIMARY KEY (`id`),
  UNIQUE KEY `craft_migrations_version_unq_idx` (`version`),
  KEY `craft_migrations_pluginId_fk` (`pluginId`)
) ENGINE=InnoDB AUTO_INCREMENT=122 DEFAULT CHARSET=utf8 COLLATE=utf8_unicode_ci;

--
-- Data for table `craft_migrations`
--

INSERT INTO `craft_migrations` (`id`, `pluginId`, `version`, `applyTime`, `dateCreated`, `dateUpdated`, `uid`) VALUES
 ('1', NULL, 'm000000_000000_base', '2017-06-04 14:40:59', '2017-06-04 14:40:59', '2017-06-04 14:40:59', '6f1d12c6-5d80-481d-a444-8f90a6f2d99e'),
 ('2', NULL, 'm140730_000001_add_filename_and_format_to_transformindex', '2017-06-04 14:40:59', '2017-06-04 14:40:59', '2017-06-04 14:40:59', '0cddc499-831b-4c31-90e8-95e2b771c2ff'),
 ('3', NULL, 'm140815_000001_add_format_to_transforms', '2017-06-04 14:40:59', '2017-06-04 14:40:59', '2017-06-04 14:40:59', '86ffce85-6c9f-4bfc-9e21-537ac011dc16'),
 ('4', NULL, 'm140822_000001_allow_more_than_128_items_per_field', '2017-06-04 14:40:59', '2017-06-04 14:40:59', '2017-06-04 14:40:59', 'd205cfc3-9846-4613-a44f-99c1c6563c2b'),
 ('5', NULL, 'm140829_000001_single_title_formats', '2017-06-04 14:40:59', '2017-06-04 14:40:59', '2017-06-04 14:40:59', '554530f4-d851-46b3-b282-57bc7a808b8f'),
 ('6', NULL, 'm140831_000001_extended_cache_keys', '2017-06-04 14:40:59', '2017-06-04 14:40:59', '2017-06-04 14:40:59', '280d2cb2-b99e-491c-ab2e-f8c7f875e460'),
 ('7', NULL, 'm140922_000001_delete_orphaned_matrix_blocks', '2017-06-04 14:40:59', '2017-06-04 14:40:59', '2017-06-04 14:40:59', '2a23e2fe-8756-488a-a011-e21f5eaf8cc2'),
 ('8', NULL, 'm141008_000001_elements_index_tune', '2017-06-04 14:40:59', '2017-06-04 14:40:59', '2017-06-04 14:40:59', '8f98615b-ae46-4b6b-81b5-8f858ecc543b'),
 ('9', NULL, 'm141009_000001_assets_source_handle', '2017-06-04 14:40:59', '2017-06-04 14:40:59', '2017-06-04 14:40:59', '936d25bb-7065-4ab9-84a8-222cb0966d7d'),
 ('10', NULL, 'm141024_000001_field_layout_tabs', '2017-06-04 14:40:59', '2017-06-04 14:40:59', '2017-06-04 14:40:59', 'a200e614-5683-41b4-8d3c-200ed01b0b66'),
 ('11', NULL, 'm141030_000000_plugin_schema_versions', '2017-06-04 14:40:59', '2017-06-04 14:40:59', '2017-06-04 14:40:59', 'e4e61a56-0294-4fcf-a2da-3d08e49430ea'),
 ('12', NULL, 'm141030_000001_drop_structure_move_permission', '2017-06-04 14:40:59', '2017-06-04 14:40:59', '2017-06-04 14:40:59', '0da60d27-1bb6-491d-965e-62b8d3d3d270'),
 ('13', NULL, 'm141103_000001_tag_titles', '2017-06-04 14:40:59', '2017-06-04 14:40:59', '2017-06-04 14:40:59', 'ed21dc79-412d-4e65-8c73-46ff178a24d3'),
 ('14', NULL, 'm141109_000001_user_status_shuffle', '2017-06-04 14:40:59', '2017-06-04 14:40:59', '2017-06-04 14:40:59', 'e2ea5525-53e2-40ae-b249-e5cbe438c080'),
 ('15', NULL, 'm141126_000001_user_week_start_day', '2017-06-04 14:40:59', '2017-06-04 14:40:59', '2017-06-04 14:40:59', '6414d720-eeb6-45ef-8d2a-7fdf06dc5ca1'),
 ('16', NULL, 'm150210_000001_adjust_user_photo_size', '2017-06-04 14:40:59', '2017-06-04 14:40:59', '2017-06-04 14:40:59', '0b1332b4-ad42-4874-b8a8-6961652bcf7e'),
 ('17', NULL, 'm150724_000001_adjust_quality_settings', '2017-06-04 14:40:59', '2017-06-04 14:40:59', '2017-06-04 14:40:59', 'c880705d-0048-48e1-9803-57e650695ff9'),
 ('18', NULL, 'm150827_000000_element_index_settings', '2017-06-04 14:40:59', '2017-06-04 14:40:59', '2017-06-04 14:40:59', 'd1b5a923-9698-4e49-8036-eab09b6380aa'),
 ('19', NULL, 'm150918_000001_add_colspan_to_widgets', '2017-06-04 14:40:59', '2017-06-04 14:40:59', '2017-06-04 14:40:59', '0034ecfd-47ee-457f-ada7-d1cb83672b25'),
 ('20', NULL, 'm151007_000000_clear_asset_caches', '2017-06-04 14:40:59', '2017-06-04 14:40:59', '2017-06-04 14:40:59', 'f833c315-6d88-4bf9-b3a0-03ed8d391f77'),
 ('21', NULL, 'm151109_000000_text_url_formats', '2017-06-04 14:40:59', '2017-06-04 14:40:59', '2017-06-04 14:40:59', '4b31e4d9-bb73-4500-ae01-d7e12442628c'),
 ('22', NULL, 'm151110_000000_move_logo', '2017-06-04 14:40:59', '2017-06-04 14:40:59', '2017-06-04 14:40:59', '2ad8e713-cb73-47d0-9e1e-f9ac5aed784a'),
 ('23', NULL, 'm151117_000000_adjust_image_widthheight', '2017-06-04 14:40:59', '2017-06-04 14:40:59', '2017-06-04 14:40:59', 'fc34d59b-96e5-4b87-a443-e52f4705773e'),
 ('24', NULL, 'm151127_000000_clear_license_key_status', '2017-06-04 14:40:59', '2017-06-04 14:40:59', '2017-06-04 14:40:59', 'ee770285-f5c0-423f-83b5-9fcdc1362986'),
 ('25', NULL, 'm151127_000000_plugin_license_keys', '2017-06-04 14:40:59', '2017-06-04 14:40:59', '2017-06-04 14:40:59', '703be934-47f4-4370-87cd-872b782d4d43'),
 ('26', NULL, 'm151130_000000_update_pt_widget_feeds', '2017-06-04 14:40:59', '2017-06-04 14:40:59', '2017-06-04 14:40:59', '98644aa9-891a-472a-8cc3-cf1443ae6903'),
 ('27', NULL, 'm160114_000000_asset_sources_public_url_default_true', '2017-06-04 14:40:59', '2017-06-04 14:40:59', '2017-06-04 14:40:59', '1db6e686-15de-476a-9d3d-433f204c3f3c'),
 ('28', NULL, 'm160223_000000_sortorder_to_smallint', '2017-06-04 14:40:59', '2017-06-04 14:40:59', '2017-06-04 14:40:59', '169b6218-5d64-4987-a00e-5c0b04d28288'),
 ('29', NULL, 'm160229_000000_set_default_entry_statuses', '2017-06-04 14:40:59', '2017-06-04 14:40:59', '2017-06-04 14:40:59', 'af064c92-b984-40e0-a07d-5971e6e7c517'),
 ('30', NULL, 'm160304_000000_client_permissions', '2017-06-04 14:40:59', '2017-06-04 14:40:59', '2017-06-04 14:40:59', '49886cdf-cc2a-4477-b47a-81b9d5dfe970'),
 ('31', NULL, 'm160322_000000_asset_filesize', '2017-06-04 14:40:59', '2017-06-04 14:40:59', '2017-06-04 14:40:59', '7a7a6cdd-78a3-4d64-9f70-d83ae1322543'),
 ('32', NULL, 'm160503_000000_orphaned_fieldlayouts', '2017-06-04 14:40:59', '2017-06-04 14:40:59', '2017-06-04 14:40:59', 'f8cb0c94-61ce-4eef-b321-7236a2787313'),
 ('33', NULL, 'm160510_000000_tasksettings', '2017-06-04 14:40:59', '2017-06-04 14:40:59', '2017-06-04 14:40:59', 'bab27218-cd11-4f03-9cd3-a12134f4b8f5'),
 ('34', NULL, 'm160829_000000_pending_user_content_cleanup', '2017-06-04 14:40:59', '2017-06-04 14:40:59', '2017-06-04 14:40:59', '2f36b41d-278e-4f1c-8360-04209152ac45'),
 ('35', NULL, 'm160830_000000_asset_index_uri_increase', '2017-06-04 14:40:59', '2017-06-04 14:40:59', '2017-06-04 14:40:59', '3ceeda75-974d-47d3-829d-2eb834ddf256'),
 ('36', NULL, 'm160919_000000_usergroup_handle_title_unique', '2017-06-04 14:40:59', '2017-06-04 14:40:59', '2017-06-04 14:40:59', '16e863bf-d17a-4c1a-ab03-72b336b78b16'),
 ('37', NULL, 'm161108_000000_new_version_format', '2017-06-04 14:40:59', '2017-06-04 14:40:59', '2017-06-04 14:40:59', 'f1035d77-705a-4edd-977a-1338d92db7b6'),
 ('38', NULL, 'm161109_000000_index_shuffle', '2017-06-04 14:40:59', '2017-06-04 14:40:59', '2017-06-04 14:40:59', '2dc220c3-5ef6-43c2-903e-2170818a1410'),
 ('39', '1', 'm151225_000000_seomatic_addHumansField', '2017-06-04 14:41:37', '2017-06-04 14:41:37', '2017-06-04 14:41:37', 'fd81d08b-4b33-4c06-babd-08133a1d2078'),
 ('40', '1', 'm151226_000000_seomatic_addTwitterFacebookFields', '2017-06-04 14:41:37', '2017-06-04 14:41:37', '2017-06-04 14:41:37', '9fb0ac05-59fa-4510-920e-438490bdc7ff'),
 ('41', '1', 'm160101_000000_seomatic_addRobotsFields', '2017-06-04 14:41:37', '2017-06-04 14:41:37', '2017-06-04 14:41:37', '00c975a3-9647-4644-bd48-a8d4f5e60b54'),
 ('42', '1', 'm160111_000000_seomatic_addTitleFields', '2017-06-04 14:41:37', '2017-06-04 14:41:37', '2017-06-04 14:41:37', '362dcf83-5221-4d75-b3e9-96c1d85afb6b'),
 ('43', '1', 'm160122_000000_seomatic_addTypeFields', '2017-06-04 14:41:37', '2017-06-04 14:41:37', '2017-06-04 14:41:37', 'a40924d8-9338-45b5-800b-7cf7e91c7454'),
 ('44', '1', 'm160123_000000_seomatic_addOpeningHours', '2017-06-04 14:41:37', '2017-06-04 14:41:37', '2017-06-04 14:41:37', '39005558-7324-40f8-8dce-40eacc883bb5'),
 ('45', '1', 'm160202_000000_seomatic_addSocialHandles', '2017-06-04 14:41:37', '2017-06-04 14:41:37', '2017-06-04 14:41:37', '51640fa3-507b-4f00-b644-6730a020b9ee'),
 ('46', '1', 'm160204_000000_seomatic_addGoogleAnalytics', '2017-06-04 14:41:37', '2017-06-04 14:41:37', '2017-06-04 14:41:37', 'a6bb0f52-9933-4466-99c8-4c22cbb2d939'),
 ('47', '1', 'm160205_000000_seomatic_addResturantMenu', '2017-06-04 14:41:37', '2017-06-04 14:41:37', '2017-06-04 14:41:37', '2b8c3a3c-5c9f-46bd-97e2-27896a01be82'),
 ('48', '1', 'm160206_000000_seomatic_addGoogleAnalyticsPlugins', '2017-06-04 14:41:37', '2017-06-04 14:41:37', '2017-06-04 14:41:37', 'e20824de-da61-4633-ba29-fa637f0877cf'),
 ('49', '1', 'm160206_000000_seomatic_addGoogleAnalyticsSendPageView', '2017-06-04 14:41:37', '2017-06-04 14:41:37', '2017-06-04 14:41:37', '9d1310f2-b4d8-4ea3-81e6-12254bdd8af2'),
 ('50', '1', 'm160209_000000_seomatic_alterDescriptionsColumns', '2017-06-04 14:41:37', '2017-06-04 14:41:37', '2017-06-04 14:41:37', '0503f43b-36fd-4fe9-83a5-9cae50c7d074'),
 ('51', '1', 'm160209_000001_seomatic_addRobotsTxt', '2017-06-04 14:41:37', '2017-06-04 14:41:37', '2017-06-04 14:41:37', 'c95e6022-3bc9-4a9e-ad64-c179d4c5e667'),
 ('52', '1', 'm160227_000000_seomatic_addFacebookAppId', '2017-06-04 14:41:37', '2017-06-04 14:41:37', '2017-06-04 14:41:37', '68d9d486-0193-4c6d-8e51-8a206cad0d4c'),
 ('53', '1', 'm160416_000000_seomatic_addContactPoints', '2017-06-04 14:41:37', '2017-06-04 14:41:37', '2017-06-04 14:41:37', '9a3e1567-5d11-45f9-94bf-8eed3ce593d1'),
 ('54', '1', 'm160509_000000_seomatic_addSiteLinksBing', '2017-06-04 14:41:37', '2017-06-04 14:41:37', '2017-06-04 14:41:37', '3c055329-450b-4e37-accb-06f1e4bb9280'),
 ('55', '1', 'm160707_000000_seomatic_addGoogleTagManager', '2017-06-04 14:41:37', '2017-06-04 14:41:37', '2017-06-04 14:41:37', 'e222e192-0d2c-422b-9f3c-6f3ec299d46d'),
 ('56', '1', 'm160715_000000_seomatic_addSeoImageTransforms', '2017-06-04 14:41:37', '2017-06-04 14:41:37', '2017-06-04 14:41:37', 'a175ff56-f231-40d4-af70-10f3fc57578a'),
 ('57', '1', 'm160723_000000_seomatic_addSeoMainEntityOfPage', '2017-06-04 14:41:37', '2017-06-04 14:41:37', '2017-06-04 14:41:37', '88366cca-0bf1-4061-bb6e-dc502c9d79d4'),
 ('58', '1', 'm160724_000000_seomatic_addSeoMainEntityCategory', '2017-06-04 14:41:37', '2017-06-04 14:41:37', '2017-06-04 14:41:37', '4efb4601-bf4a-4150-a157-4ffd75ed9abd'),
 ('59', '1', 'm160811_000000_seomatic_addVimeo', '2017-06-04 14:41:37', '2017-06-04 14:41:37', '2017-06-04 14:41:37', '3427ba0c-3881-457f-b56b-110c4fbaf6ca'),
 ('60', '1', 'm160904_000000_seomatic_addTwitterFacebookImages', '2017-06-04 14:41:37', '2017-06-04 14:41:37', '2017-06-04 14:41:37', 'a98b597e-f507-48a7-b1b6-6d49c027b331'),
 ('61', '1', 'm161220_000000_seomatic_addPriceRange', '2017-06-04 14:43:06', '2017-06-04 14:43:06', '2017-06-04 14:43:06', '880a27bd-09c0-4768-9b69-fc3c9b173cbc'),
 ('62', '1', 'm170212_000000_seomatic_addGoogleAnalyticsAnonymizeIp', '2017-06-04 14:43:06', '2017-06-04 14:43:06', '2017-06-04 14:43:06', 'b41f3cdb-90b5-44ec-be45-a13c88b86e2e'),
 ('63', '1', 'm170212_000000_seomatic_addWikipedia', '2017-06-04 14:43:06', '2017-06-04 14:43:06', '2017-06-04 14:43:06', 'a00ae0c9-f777-4b82-936b-f5f959725e88'),
 ('64', '3', 'm150916_010101_Commerce_Rename', '2017-06-05 00:30:37', '2017-06-05 00:30:37', '2017-06-05 00:30:37', '260bb64d-d806-4639-9bc3-3010e5e9b99b'),
 ('65', '3', 'm150917_010101_Commerce_DropEmailTypeColumn', '2017-06-05 00:30:37', '2017-06-05 00:30:37', '2017-06-05 00:30:37', '14e7479d-a718-4d20-8f28-216af72cc7ee'),
 ('66', '3', 'm150917_010102_Commerce_RenameCodeToHandletaxCatColumn', '2017-06-05 00:30:37', '2017-06-05 00:30:37', '2017-06-05 00:30:37', '921b3349-0176-4580-90c7-07963602f891'),
 ('67', '3', 'm150918_010101_Commerce_AddProductTypeLocales', '2017-06-05 00:30:37', '2017-06-05 00:30:37', '2017-06-05 00:30:37', 'ff103672-19ca-456d-851f-5f1fc9653bbe'),
 ('68', '3', 'm150918_010102_Commerce_RemoveNonLocaleBasedUrlFormat', '2017-06-05 00:30:37', '2017-06-05 00:30:37', '2017-06-05 00:30:37', '2f13ee0f-bb0f-4e8a-a09f-4bd3fbb85cb9'),
 ('69', '3', 'm150919_010101_Commerce_AddHasDimensionsToProductType', '2017-06-05 00:30:37', '2017-06-05 00:30:37', '2017-06-05 00:30:37', '4606ae1c-93dd-4e51-9458-a17baa1ab900'),
 ('70', '3', 'm151004_142113_commerce_PaymentMethods_name_unique', '2017-06-05 00:30:37', '2017-06-05 00:30:37', '2017-06-05 00:30:37', '0839867c-609e-45f0-b470-bc0fae473bac'),
 ('71', '3', 'm151018_010101_Commerce_DiscountCodeNull', '2017-06-05 00:30:37', '2017-06-05 00:30:37', '2017-06-05 00:30:37', 'd8d9f7d5-fae6-4bc1-95d7-1e4c7f1d035e'),
 ('72', '3', 'm151025_010101_Commerce_AddHandleToShippingMethod', '2017-06-05 00:30:37', '2017-06-05 00:30:37', '2017-06-05 00:30:37', '5daac566-5f88-4184-b18a-4a06528edc95'),
 ('73', '3', 'm151027_010101_Commerce_NewVariantUI', '2017-06-05 00:30:37', '2017-06-05 00:30:37', '2017-06-05 00:30:37', '004a63c7-94a3-4dec-a9e6-40143ba727d7'),
 ('74', '3', 'm151027_010102_Commerce_ProductDateNames', '2017-06-05 00:30:37', '2017-06-05 00:30:37', '2017-06-05 00:30:37', '638ce2d2-6270-4ad6-a2a8-34a69535260b'),
 ('75', '3', 'm151102_010101_Commerce_PaymentTypeInMethodNotSettings', '2017-06-05 00:30:37', '2017-06-05 00:30:37', '2017-06-05 00:30:37', 'a94434bc-a776-4385-88e5-abd3f52bfae9'),
 ('76', '3', 'm151103_010101_Commerce_DefaultVariant', '2017-06-05 00:30:37', '2017-06-05 00:30:37', '2017-06-05 00:30:37', '65d1c2bd-a9b1-4b44-b02f-d47d1189f89d'),
 ('77', '3', 'm151109_010101_Commerce_AddCompanyNumberToAddress', '2017-06-05 00:30:37', '2017-06-05 00:30:37', '2017-06-05 00:30:37', 'db12b122-2fa2-4141-b108-e8857c266f03'),
 ('78', '3', 'm151109_010102_Commerce_AddOptionsToLineItems', '2017-06-05 00:30:37', '2017-06-05 00:30:37', '2017-06-05 00:30:37', 'e13b10f3-bc80-4aa9-b834-b87c93dcd4d5'),
 ('79', '3', 'm151110_010101_Commerce_RenameCompanyToAddress', '2017-06-05 00:30:37', '2017-06-05 00:30:37', '2017-06-05 00:30:37', 'b608edd7-38c8-4829-bcc2-bf4ba580be2b'),
 ('80', '3', 'm151111_010101_Commerce_ShowVariantTitleField', '2017-06-05 00:30:37', '2017-06-05 00:30:37', '2017-06-05 00:30:37', '3d3068e3-b40e-4deb-a300-9ecdf28471b9'),
 ('81', '3', 'm151112_010101_Commerce_AutoSkuFormat', '2017-06-05 00:30:37', '2017-06-05 00:30:37', '2017-06-05 00:30:37', 'f0b2617f-9308-4ff1-9c8c-074d5ef10530'),
 ('82', '3', 'm151117_010101_Commerce_TaxIncluded', '2017-06-05 00:30:37', '2017-06-05 00:30:37', '2017-06-05 00:30:37', 'a093c188-cc59-42fb-96d9-a42e08299dfc'),
 ('83', '3', 'm151124_010101_Commerce_AddressManagement', '2017-06-05 00:30:37', '2017-06-05 00:30:37', '2017-06-05 00:30:37', '896f4d81-f839-4b03-a491-d7ee1f092af3'),
 ('84', '3', 'm151127_010101_Commerce_TaxRateTaxableOptions', '2017-06-05 00:30:37', '2017-06-05 00:30:37', '2017-06-05 00:30:37', '1a1e2640-8ec7-428e-b718-84c61844c421'),
 ('85', '3', 'm151210_010101_Commerce_FixMissingLineItemDimensionData', '2017-06-05 00:30:37', '2017-06-05 00:30:37', '2017-06-05 00:30:37', '383fec9e-d57d-4eaf-8d5b-8d22a87bec80'),
 ('86', '3', 'm160215_010101_Commerce_ConsistentDecimalType', '2017-06-05 00:30:37', '2017-06-05 00:30:37', '2017-06-05 00:30:37', '075125ba-c389-4f5b-80c9-51e7db425db3'),
 ('87', '3', 'm160226_010101_Commerce_OrderStatusSortOrder', '2017-06-05 00:30:37', '2017-06-05 00:30:37', '2017-06-05 00:30:37', '99248e20-f682-4362-9eb5-6729fa506929'),
 ('88', '3', 'm160226_010102_Commerce_isCompleted', '2017-06-05 00:30:37', '2017-06-05 00:30:37', '2017-06-05 00:30:37', '103c9d51-c35b-4c29-ad8a-d0ac44200626'),
 ('89', '3', 'm160227_010101_Commerce_OrderAdjustmentIncludedFlag', '2017-06-05 00:30:37', '2017-06-05 00:30:37', '2017-06-05 00:30:37', '702551e6-db29-43d9-81f3-dad873584238'),
 ('90', '3', 'm160229_010101_Commerce_ShippingZone', '2017-06-05 00:30:37', '2017-06-05 00:30:37', '2017-06-05 00:30:37', '288d050c-35db-4546-aa2d-1ee74ef90a62'),
 ('91', '3', 'm160229_010104_Commerce_SoftDeleteAndReorderPaymentMethod', '2017-06-05 00:30:37', '2017-06-05 00:30:37', '2017-06-05 00:30:37', 'a79f329c-fa80-40da-a244-e062ada03f85'),
 ('92', '3', 'm160401_010101_Commerce_KeepAllTransactions', '2017-06-05 00:30:37', '2017-06-05 00:30:37', '2017-06-05 00:30:37', '4815897b-9d6c-4b8d-8393-7e4aef365089'),
 ('93', '3', 'm160405_010101_Commerce_FixDefaultVariantId', '2017-06-05 00:30:37', '2017-06-05 00:30:37', '2017-06-05 00:30:37', '56b1149c-1c6d-4424-8a7b-2192477ccd72'),
 ('94', '3', 'm160406_010101_Commerce_RemoveUnusedAuthorId', '2017-06-05 00:30:37', '2017-06-05 00:30:37', '2017-06-05 00:30:37', '329e7358-2c17-4b67-9a1e-33c7a5012a5b'),
 ('95', '3', 'm160425_010101_Commerce_DeleteCountriesAndStates', '2017-06-05 00:30:37', '2017-06-05 00:30:37', '2017-06-05 00:30:37', 'a7d41e92-1e99-48cd-b821-9e3aa302c54c'),
 ('96', '3', 'm160510_010101_Commerce_EmailRecipientType', '2017-06-05 00:30:37', '2017-06-05 00:30:37', '2017-06-05 00:30:37', 'a019878c-6fcd-40af-90d0-9379dea4d07e'),
 ('97', '3', 'm160606_010101_Commerce_PerEmailLimitOnDiscount', '2017-06-05 00:30:37', '2017-06-05 00:30:37', '2017-06-05 00:30:37', 'f62bc55f-0f9c-437f-8bc7-2f8c80abf31a'),
 ('98', '3', 'm160706_010101_Commerce_Currencies', '2017-06-05 00:30:37', '2017-06-05 00:30:37', '2017-06-05 00:30:37', '718b6fce-428a-48cf-be64-c39f0dc54228'),
 ('99', '3', 'm160806_010101_Commerce_RemoveShowInLabel', '2017-06-05 00:30:37', '2017-06-05 00:30:37', '2017-06-05 00:30:37', 'fa9d5bc4-77cb-438a-a520-35fbc574dfc3'),
 ('100', '3', 'm160806_010102_Commerce_AddVatTaxRateOption', '2017-06-05 00:30:37', '2017-06-05 00:30:37', '2017-06-05 00:30:37', 'a5dce297-b1e8-4aea-922e-4ca0bb69eb9d');
INSERT INTO `craft_migrations` (`id`, `pluginId`, `version`, `applyTime`, `dateCreated`, `dateUpdated`, `uid`) VALUES
 ('101', '3', 'm160825_010101_Commerce_AddMaxQtyToDiscount', '2017-06-05 00:30:37', '2017-06-05 00:30:37', '2017-06-05 00:30:37', '89307d62-901e-4081-9cc6-368edb827313'),
 ('102', '3', 'm160826_010101_Commerce_NewAddressFields', '2017-06-05 00:30:37', '2017-06-05 00:30:37', '2017-06-05 00:30:37', 'f9b7e7f6-7ddb-4952-960b-6a653a9826c7'),
 ('103', '3', 'm160915_010101_Commerce_RenameCurrencies', '2017-06-05 00:30:37', '2017-06-05 00:30:37', '2017-06-05 00:30:37', '7ec6a807-51c2-4b3a-9f40-7b7caab7ae23'),
 ('104', '3', 'm160916_010102_Commerce_PdfFilenameFormat', '2017-06-05 00:30:37', '2017-06-05 00:30:37', '2017-06-05 00:30:37', '4eee54d3-2b94-494f-a8ef-c24cb9b2e92f'),
 ('105', '3', 'm160917_010103_Commerce_DescriptionFormat', '2017-06-05 00:30:37', '2017-06-05 00:30:37', '2017-06-05 00:30:37', '80982326-1c74-4454-8262-8b4dd0c9e0fb'),
 ('106', '3', 'm160917_010104_Commerce_ShippingCategories', '2017-06-05 00:30:37', '2017-06-05 00:30:37', '2017-06-05 00:30:37', 'e04a7c57-8303-419a-9509-73ff2e212684'),
 ('107', '3', 'm160923_010101_Commerce_OrderLocale', '2017-06-05 00:30:37', '2017-06-05 00:30:37', '2017-06-05 00:30:37', '9544c459-5868-4e5a-a259-7790ef5ea337'),
 ('108', '3', 'm160927_010101_Commerce_ProductTypeShippingTaxCategories', '2017-06-05 00:30:37', '2017-06-05 00:30:37', '2017-06-05 00:30:37', '6021f2a8-690c-4ce4-97a6-938d2795ee97'),
 ('109', '3', 'm160927_010101_Commerce_ShippingRuleCategories', '2017-06-05 00:30:37', '2017-06-05 00:30:37', '2017-06-05 00:30:37', '58933ea1-e1a1-4889-b687-62445b7160a3'),
 ('110', '3', 'm160930_010101_Commerce_RenameDefaultCurrencyToPrimary', '2017-06-05 00:30:37', '2017-06-05 00:30:37', '2017-06-05 00:30:37', '3560b541-212a-4e34-b6b3-a6e123fecb2b'),
 ('111', '3', 'm161001_010101_Commerce_LineItemShippingCat', '2017-06-05 00:30:37', '2017-06-05 00:30:37', '2017-06-05 00:30:37', '91a9835f-8846-4dc4-b1e0-28627e41f9d8'),
 ('112', '3', 'm161001_010102_Commerce_DiscountOrdering', '2017-06-05 00:30:37', '2017-06-05 00:30:37', '2017-06-05 00:30:37', '21fd02e7-fc23-4f7c-90b8-55c9653c78a9'),
 ('113', '3', 'm161001_010103_Commerce_DiscountStopProcessing', '2017-06-05 00:30:37', '2017-06-05 00:30:37', '2017-06-05 00:30:37', '38f5d8b2-ffca-4e32-9333-af5c40ea2114'),
 ('114', '3', 'm161001_010104_Commerce_SaveTransactionCode', '2017-06-05 00:30:37', '2017-06-05 00:30:37', '2017-06-05 00:30:37', 'a5a1a8e7-d444-4f98-9fb8-901e44e48c06'),
 ('115', '3', 'm161001_010105_Commerce_RemovePaymentCurrencyName', '2017-06-05 00:30:37', '2017-06-05 00:30:37', '2017-06-05 00:30:37', 'd527d5f2-1852-4474-8551-b5baa9ee08e1'),
 ('116', '3', 'm161024_010101_Commerce_FixDefaultShippingAndTaxCategoriesOnProducts', '2017-06-05 00:30:37', '2017-06-05 00:30:37', '2017-06-05 00:30:37', '20f5b431-e960-4c17-9efc-b1cd1ca5c528'),
 ('117', '3', 'm161101_010101_Commerce_AddBaseTaxToOrder', '2017-06-05 00:30:37', '2017-06-05 00:30:37', '2017-06-05 00:30:37', '8fe3bbaf-235e-49be-b38e-ffe589818f2f'),
 ('118', '3', 'm170227_010101_Commerce_RemoveNameUniquenessFromShippingRules', '2017-06-05 00:30:37', '2017-06-05 00:30:37', '2017-06-05 00:30:37', '7191610d-558c-4020-9110-507c026c144c'),
 ('119', '3', 'm170411_010101_Commerce_AdditionalTaxRateTaxables', '2017-06-05 00:30:37', '2017-06-05 00:30:37', '2017-06-05 00:30:37', '41be0114-662d-4b3e-8a26-c27cb3614f4c'),
 ('120', '3', 'm170411_010102_Commerce_OrderBaseTaxIncluded', '2017-06-05 00:30:37', '2017-06-05 00:30:37', '2017-06-05 00:30:37', '2fa5f1a4-3885-4793-aa7c-07897ebb7a6d'),
 ('121', '3', 'm170426_010101_Commerce_IncreaseTaxRateDecimal', '2017-06-05 00:30:37', '2017-06-05 00:30:37', '2017-06-05 00:30:37', 'd763b586-84a9-40d3-a75f-2fab06db53d2');



DROP TABLE IF EXISTS `craft_plugins`;


--
-- Schema for table `craft_plugins`
--
CREATE TABLE `craft_plugins` (
  `id` int(11) NOT NULL AUTO_INCREMENT,
  `class` varchar(150) COLLATE utf8_unicode_ci NOT NULL,
  `version` varchar(15) COLLATE utf8_unicode_ci NOT NULL,
  `schemaVersion` varchar(15) COLLATE utf8_unicode_ci DEFAULT NULL,
  `licenseKey` char(24) COLLATE utf8_unicode_ci DEFAULT NULL,
  `licenseKeyStatus` enum('valid','invalid','mismatched','unknown') COLLATE utf8_unicode_ci NOT NULL DEFAULT 'unknown',
  `enabled` tinyint(1) unsigned NOT NULL DEFAULT '0',
  `settings` text COLLATE utf8_unicode_ci,
  `installDate` datetime NOT NULL,
  `dateCreated` datetime NOT NULL,
  `dateUpdated` datetime NOT NULL,
  `uid` char(36) COLLATE utf8_unicode_ci NOT NULL DEFAULT '0',
  PRIMARY KEY (`id`)
) ENGINE=InnoDB AUTO_INCREMENT=4 DEFAULT CHARSET=utf8 COLLATE=utf8_unicode_ci;

--
-- Data for table `craft_plugins`
--

INSERT INTO `craft_plugins` (`id`, `class`, `version`, `schemaVersion`, `licenseKey`, `licenseKeyStatus`, `enabled`, `settings`, `installDate`, `dateCreated`, `dateUpdated`, `uid`) VALUES
 ('1', 'Seomatic', '1.1.46', '1.1.25', NULL, 'unknown', '1', NULL, '2017-06-04 14:41:37', '2017-06-04 14:41:37', '2017-06-21 20:45:30', 'cc45f660-9eca-4556-8773-206d60766ed5'),
 ('2', 'Minify', '1.1.2', '1.0.0', NULL, 'unknown', '1', NULL, '2017-06-04 14:43:31', '2017-06-04 14:43:31', '2017-06-21 20:45:30', 'da3708c3-a1af-4386-985d-e0cc0ca3322d'),
 ('3', 'Commerce', '1.2.1342', '1.2.77', NULL, 'unknown', '1', '{\"weightUnits\":\"g\",\"dimensionUnits\":\"mm\",\"emailSenderAddress\":\"\",\"emailSenderName\":\"EC\",\"orderPdfPath\":\"shop\\/_pdf\\/order\",\"orderPdfFilenameFormat\":\"Order-{number}\"}', '2017-06-05 00:30:37', '2017-06-05 00:30:37', '2017-06-21 20:45:30', '90c6a585-5c0c-41b3-8285-9c9e989cc9ca');



DROP TABLE IF EXISTS `craft_rackspaceaccess`;


--
-- Schema for table `craft_rackspaceaccess`
--
CREATE TABLE `craft_rackspaceaccess` (
  `id` int(11) NOT NULL AUTO_INCREMENT,
  `connectionKey` varchar(255) COLLATE utf8_unicode_ci NOT NULL,
  `token` varchar(255) COLLATE utf8_unicode_ci NOT NULL,
  `storageUrl` varchar(255) COLLATE utf8_unicode_ci NOT NULL,
  `cdnUrl` varchar(255) COLLATE utf8_unicode_ci NOT NULL,
  `dateCreated` datetime NOT NULL,
  `dateUpdated` datetime NOT NULL,
  `uid` char(36) COLLATE utf8_unicode_ci NOT NULL DEFAULT '0',
  PRIMARY KEY (`id`),
  UNIQUE KEY `craft_rackspaceaccess_connectionKey_unq_idx` (`connectionKey`)
) ENGINE=InnoDB DEFAULT CHARSET=utf8 COLLATE=utf8_unicode_ci;

DROP TABLE IF EXISTS `craft_relations`;


--
-- Schema for table `craft_relations`
--
CREATE TABLE `craft_relations` (
  `id` int(11) NOT NULL AUTO_INCREMENT,
  `fieldId` int(11) NOT NULL,
  `sourceId` int(11) NOT NULL,
  `sourceLocale` char(12) COLLATE utf8_unicode_ci DEFAULT NULL,
  `targetId` int(11) NOT NULL,
  `sortOrder` smallint(6) DEFAULT NULL,
  `dateCreated` datetime NOT NULL,
  `dateUpdated` datetime NOT NULL,
  `uid` char(36) COLLATE utf8_unicode_ci NOT NULL DEFAULT '0',
  PRIMARY KEY (`id`),
  UNIQUE KEY `craft_relations_fieldId_sourceId_sourceLocale_targetId_unq_idx` (`fieldId`,`sourceId`,`sourceLocale`,`targetId`),
  KEY `craft_relations_sourceId_fk` (`sourceId`),
  KEY `craft_relations_sourceLocale_fk` (`sourceLocale`),
  KEY `craft_relations_targetId_fk` (`targetId`)
) ENGINE=InnoDB AUTO_INCREMENT=4 DEFAULT CHARSET=utf8 COLLATE=utf8_unicode_ci;

--
-- Data for table `craft_relations`
--

INSERT INTO `craft_relations` (`id`, `fieldId`, `sourceId`, `sourceLocale`, `targetId`, `sortOrder`, `dateCreated`, `dateUpdated`, `uid`) VALUES
 ('1', '3', '6', NULL, '2', '1', '2017-06-04 16:43:24', '2017-06-04 16:43:24', '239c2a2c-a38b-48e5-b1b1-4d448a760c3d'),
 ('2', '3', '6', NULL, '4', '2', '2017-06-04 16:43:24', '2017-06-04 16:43:24', 'c83ae0e0-d74a-4e5b-85f7-cf76a6d3a639'),
 ('3', '3', '6', NULL, '5', '3', '2017-06-04 16:43:24', '2017-06-04 16:43:24', '16486986-66ae-4cab-8e3f-296acfd3deb0');



DROP TABLE IF EXISTS `craft_routes`;


--
-- Schema for table `craft_routes`
--
CREATE TABLE `craft_routes` (
  `id` int(11) NOT NULL AUTO_INCREMENT,
  `locale` char(12) COLLATE utf8_unicode_ci DEFAULT NULL,
  `urlParts` varchar(255) COLLATE utf8_unicode_ci NOT NULL,
  `urlPattern` varchar(255) COLLATE utf8_unicode_ci NOT NULL,
  `template` varchar(255) COLLATE utf8_unicode_ci NOT NULL,
  `sortOrder` smallint(6) unsigned DEFAULT NULL,
  `dateCreated` datetime NOT NULL,
  `dateUpdated` datetime NOT NULL,
  `uid` char(36) COLLATE utf8_unicode_ci NOT NULL DEFAULT '0',
  PRIMARY KEY (`id`),
  UNIQUE KEY `craft_routes_urlPattern_unq_idx` (`urlPattern`),
  KEY `craft_routes_locale_idx` (`locale`)
) ENGINE=InnoDB DEFAULT CHARSET=utf8 COLLATE=utf8_unicode_ci;

DROP TABLE IF EXISTS `craft_searchindex`;


--
-- Schema for table `craft_searchindex`
--
CREATE TABLE `craft_searchindex` (
  `elementId` int(11) NOT NULL,
  `attribute` varchar(25) COLLATE utf8_unicode_ci NOT NULL,
  `fieldId` int(11) NOT NULL,
  `locale` char(12) COLLATE utf8_unicode_ci NOT NULL,
  `keywords` text COLLATE utf8_unicode_ci NOT NULL,
  PRIMARY KEY (`elementId`,`attribute`,`fieldId`,`locale`),
  FULLTEXT KEY `craft_searchindex_keywords_idx` (`keywords`)
) ENGINE=MyISAM DEFAULT CHARSET=utf8 COLLATE=utf8_unicode_ci;

--
-- Data for table `craft_searchindex`
--

INSERT INTO `craft_searchindex` (`elementId`, `attribute`, `fieldId`, `locale`, `keywords`) VALUES
 ('1', 'username', '0', 'en_gb', ' masatoseki '),
 ('1', 'firstname', '0', 'en_gb', ''),
 ('1', 'lastname', '0', 'en_gb', ''),
 ('1', 'fullname', '0', 'en_gb', ''),
 ('1', 'email', '0', 'en_gb', ' masatoseki the neighbourhood com '),
 ('1', 'slug', '0', 'en_gb', ''),
 ('2', 'slug', '0', 'en_gb', ' homepage '),
 ('2', 'title', '0', 'en_gb', ' home '),
 ('2', 'field', '1', 'en_gb', ' it s true this site doesn t have a whole lot of content yet but don t worry our web developers have just installed the cms and they re setting things up for the content editors this very moment soon base craft dev will be an oasis of fresh perspectives sharp analyses and astute opinions that will keep you coming back again and again '),
 ('4', 'slug', '0', 'en_gb', ' about '),
 ('6', 'slug', '0', 'en_gb', ''),
 ('6', 'field', '3', 'en_gb', ' home about contact '),
 ('4', 'title', '0', 'en_gb', ' about '),
 ('5', 'slug', '0', 'en_gb', ' contact '),
 ('5', 'title', '0', 'en_gb', ' contact '),
 ('7', 'title', '0', 'en_gb', ' a new toga '),
 ('7', 'defaultsku', '0', 'en_gb', ' a new toga '),
 ('7', 'slug', '0', 'en_gb', ' a new toga '),
 ('8', 'sku', '0', 'en_gb', ' a new toga '),
 ('8', 'price', '0', 'en_gb', ' 10 '),
 ('8', 'width', '0', 'en_gb', ''),
 ('8', 'height', '0', 'en_gb', ''),
 ('8', 'length', '0', 'en_gb', ''),
 ('8', 'weight', '0', 'en_gb', ''),
 ('8', 'stock', '0', 'en_gb', ' 0 '),
 ('8', 'unlimitedstock', '0', 'en_gb', ' 1 '),
 ('8', 'minqty', '0', 'en_gb', ''),
 ('8', 'maxqty', '0', 'en_gb', ''),
 ('8', 'slug', '0', 'en_gb', ' a new toga '),
 ('8', 'title', '0', 'en_gb', ' a new toga '),
 ('9', 'title', '0', 'en_gb', ' parka with stripes on back '),
 ('9', 'defaultsku', '0', 'en_gb', ' parka with stripes on back '),
 ('9', 'slug', '0', 'en_gb', ' parka with stripes on back '),
 ('10', 'sku', '0', 'en_gb', ' parka with stripes on back '),
 ('10', 'price', '0', 'en_gb', ' 20 '),
 ('10', 'width', '0', 'en_gb', ''),
 ('10', 'height', '0', 'en_gb', ''),
 ('10', 'length', '0', 'en_gb', ''),
 ('10', 'weight', '0', 'en_gb', ''),
 ('10', 'stock', '0', 'en_gb', ' 0 '),
 ('10', 'unlimitedstock', '0', 'en_gb', ' 1 '),
 ('10', 'minqty', '0', 'en_gb', ''),
 ('10', 'maxqty', '0', 'en_gb', ''),
 ('10', 'slug', '0', 'en_gb', ' parka with stripes on back '),
 ('10', 'title', '0', 'en_gb', ' parka with stripes on back '),
 ('11', 'title', '0', 'en_gb', ' romper for a red eye '),
 ('11', 'defaultsku', '0', 'en_gb', ' romper for a red eye '),
 ('11', 'slug', '0', 'en_gb', ' romper for a red eye '),
 ('12', 'sku', '0', 'en_gb', ' romper for a red eye '),
 ('12', 'price', '0', 'en_gb', ' 30 '),
 ('12', 'width', '0', 'en_gb', ''),
 ('12', 'height', '0', 'en_gb', ''),
 ('12', 'length', '0', 'en_gb', ''),
 ('12', 'weight', '0', 'en_gb', ''),
 ('12', 'stock', '0', 'en_gb', ' 0 '),
 ('12', 'unlimitedstock', '0', 'en_gb', ' 1 '),
 ('12', 'minqty', '0', 'en_gb', ''),
 ('12', 'maxqty', '0', 'en_gb', ''),
 ('12', 'slug', '0', 'en_gb', ' romper for a red eye '),
 ('12', 'title', '0', 'en_gb', ' romper for a red eye '),
 ('13', 'title', '0', 'en_gb', ' the fleece awakens '),
 ('13', 'defaultsku', '0', 'en_gb', ' the fleece awakens '),
 ('13', 'slug', '0', 'en_gb', ' the fleece awakens '),
 ('14', 'sku', '0', 'en_gb', ' the fleece awakens '),
 ('14', 'price', '0', 'en_gb', ' 40 '),
 ('14', 'width', '0', 'en_gb', ''),
 ('14', 'height', '0', 'en_gb', ''),
 ('14', 'length', '0', 'en_gb', ''),
 ('14', 'weight', '0', 'en_gb', ''),
 ('14', 'stock', '0', 'en_gb', ' 0 '),
 ('14', 'unlimitedstock', '0', 'en_gb', ' 1 '),
 ('14', 'minqty', '0', 'en_gb', ''),
 ('14', 'maxqty', '0', 'en_gb', ''),
 ('14', 'slug', '0', 'en_gb', ' the fleece awakens '),
 ('14', 'title', '0', 'en_gb', ' the fleece awakens '),
 ('18', 'slug', '0', 'en_gb', ''),
 ('18', 'email', '0', 'en_gb', ' hoge gaheo com '),
 ('18', 'number', '0', 'en_gb', ' 0055f5adcbd978b894bc875706449bd9 ');



DROP TABLE IF EXISTS `craft_sections`;


--
-- Schema for table `craft_sections`
--
CREATE TABLE `craft_sections` (
  `id` int(11) NOT NULL AUTO_INCREMENT,
  `structureId` int(11) DEFAULT NULL,
  `name` varchar(255) COLLATE utf8_unicode_ci NOT NULL,
  `handle` varchar(255) COLLATE utf8_unicode_ci NOT NULL,
  `type` enum('single','channel','structure') COLLATE utf8_unicode_ci NOT NULL DEFAULT 'channel',
  `hasUrls` tinyint(1) unsigned NOT NULL DEFAULT '1',
  `template` varchar(500) COLLATE utf8_unicode_ci DEFAULT NULL,
  `enableVersioning` tinyint(1) unsigned NOT NULL DEFAULT '0',
  `dateCreated` datetime NOT NULL,
  `dateUpdated` datetime NOT NULL,
  `uid` char(36) COLLATE utf8_unicode_ci NOT NULL DEFAULT '0',
  PRIMARY KEY (`id`),
  UNIQUE KEY `craft_sections_name_unq_idx` (`name`),
  UNIQUE KEY `craft_sections_handle_unq_idx` (`handle`),
  KEY `craft_sections_structureId_fk` (`structureId`)
) ENGINE=InnoDB AUTO_INCREMENT=5 DEFAULT CHARSET=utf8 COLLATE=utf8_unicode_ci;

--
-- Data for table `craft_sections`
--

INSERT INTO `craft_sections` (`id`, `structureId`, `name`, `handle`, `type`, `hasUrls`, `template`, `enableVersioning`, `dateCreated`, `dateUpdated`, `uid`) VALUES
 ('1', NULL, 'Home', 'home', 'single', '1', '_views/home', '1', '2017-06-04 14:41:02', '2017-06-04 16:32:27', '519d313e-7fd0-469f-846c-7c009c6565ee'),
 ('3', NULL, 'About', 'about', 'single', '1', '_views/about', '1', '2017-06-04 16:32:23', '2017-06-04 16:32:23', 'f2bede5e-f869-4ddb-a4ef-9eadabb951c6'),
 ('4', NULL, 'Contact', 'contact', 'single', '1', '_views/contact', '1', '2017-06-04 16:32:40', '2017-06-04 16:32:40', 'dd5e068f-d2b7-42b7-bc93-cc90ecc17a07');



DROP TABLE IF EXISTS `craft_sections_i18n`;


--
-- Schema for table `craft_sections_i18n`
--
CREATE TABLE `craft_sections_i18n` (
  `id` int(11) NOT NULL AUTO_INCREMENT,
  `sectionId` int(11) NOT NULL,
  `locale` char(12) COLLATE utf8_unicode_ci NOT NULL,
  `enabledByDefault` tinyint(1) unsigned NOT NULL DEFAULT '1',
  `urlFormat` text COLLATE utf8_unicode_ci,
  `nestedUrlFormat` text COLLATE utf8_unicode_ci,
  `dateCreated` datetime NOT NULL,
  `dateUpdated` datetime NOT NULL,
  `uid` char(36) COLLATE utf8_unicode_ci NOT NULL DEFAULT '0',
  PRIMARY KEY (`id`),
  UNIQUE KEY `craft_sections_i18n_sectionId_locale_unq_idx` (`sectionId`,`locale`),
  KEY `craft_sections_i18n_locale_fk` (`locale`)
) ENGINE=InnoDB AUTO_INCREMENT=5 DEFAULT CHARSET=utf8 COLLATE=utf8_unicode_ci;

--
-- Data for table `craft_sections_i18n`
--

INSERT INTO `craft_sections_i18n` (`id`, `sectionId`, `locale`, `enabledByDefault`, `urlFormat`, `nestedUrlFormat`, `dateCreated`, `dateUpdated`, `uid`) VALUES
 ('1', '1', 'en_gb', '1', '__home__', NULL, '2017-06-04 14:41:02', '2017-06-04 14:41:02', 'd78cb0ad-51b4-4c00-88fe-21992ec12a59'),
 ('3', '3', 'en_gb', '1', 'about', NULL, '2017-06-04 16:32:23', '2017-06-04 16:32:23', '62d3defe-17bf-446e-a05d-4383a3db0e64'),
 ('4', '4', 'en_gb', '1', 'contact', NULL, '2017-06-04 16:32:40', '2017-06-04 16:32:40', 'a2ff273b-5e39-4187-8586-c3d175674233');



DROP TABLE IF EXISTS `craft_seomatic_meta`;


--
-- Schema for table `craft_seomatic_meta`
--
CREATE TABLE `craft_seomatic_meta` (
  `id` int(11) NOT NULL,
  `seoImageId` int(11) DEFAULT NULL,
  `seoTwitterImageId` int(11) DEFAULT NULL,
  `seoFacebookImageId` int(11) DEFAULT NULL,
  `locale` varchar(255) COLLATE utf8_unicode_ci DEFAULT 'en_gb',
  `elementId` int(10) DEFAULT '0',
  `metaType` enum('default','template') COLLATE utf8_unicode_ci DEFAULT 'template',
  `metaPath` varchar(255) COLLATE utf8_unicode_ci DEFAULT '',
  `seoMainEntityCategory` varchar(255) COLLATE utf8_unicode_ci DEFAULT '',
  `seoMainEntityOfPage` varchar(255) COLLATE utf8_unicode_ci DEFAULT '',
  `seoTitle` varchar(255) COLLATE utf8_unicode_ci DEFAULT '',
  `seoDescription` varchar(255) COLLATE utf8_unicode_ci DEFAULT '',
  `seoKeywords` varchar(255) COLLATE utf8_unicode_ci DEFAULT '',
  `seoImageTransform` varchar(255) COLLATE utf8_unicode_ci DEFAULT '',
  `seoFacebookImageTransform` varchar(255) COLLATE utf8_unicode_ci DEFAULT '',
  `seoTwitterImageTransform` varchar(255) COLLATE utf8_unicode_ci DEFAULT '',
  `twitterCardType` varchar(255) COLLATE utf8_unicode_ci DEFAULT 'summary',
  `openGraphType` varchar(255) COLLATE utf8_unicode_ci DEFAULT 'website',
  `robots` varchar(255) COLLATE utf8_unicode_ci DEFAULT '',
  `dateCreated` datetime NOT NULL,
  `dateUpdated` datetime NOT NULL,
  `uid` char(36) COLLATE utf8_unicode_ci NOT NULL DEFAULT '0',
  PRIMARY KEY (`id`),
  KEY `craft_seomatic_meta_seoImageId_fk` (`seoImageId`),
  KEY `craft_seomatic_meta_seoTwitterImageId_fk` (`seoTwitterImageId`),
  KEY `craft_seomatic_meta_seoFacebookImageId_fk` (`seoFacebookImageId`)
) ENGINE=InnoDB DEFAULT CHARSET=utf8 COLLATE=utf8_unicode_ci;

DROP TABLE IF EXISTS `craft_seomatic_settings`;


--
-- Schema for table `craft_seomatic_settings`
--
CREATE TABLE `craft_seomatic_settings` (
  `id` int(11) NOT NULL AUTO_INCREMENT,
  `siteSeoImageId` int(11) DEFAULT NULL,
  `siteSeoTwitterImageId` int(11) DEFAULT NULL,
  `siteSeoFacebookImageId` int(11) DEFAULT NULL,
  `genericOwnerImageId` int(11) DEFAULT NULL,
  `genericCreatorImageId` int(11) DEFAULT NULL,
  `locale` varchar(255) COLLATE utf8_unicode_ci DEFAULT '',
  `siteSeoName` varchar(255) COLLATE utf8_unicode_ci DEFAULT '',
  `siteSeoTitle` varchar(255) COLLATE utf8_unicode_ci DEFAULT '',
  `siteSeoTitleSeparator` varchar(10) COLLATE utf8_unicode_ci DEFAULT '|',
  `siteSeoTitlePlacement` enum('before','after','none') COLLATE utf8_unicode_ci DEFAULT 'after',
  `siteSeoDescription` varchar(255) COLLATE utf8_unicode_ci DEFAULT '',
  `siteSeoKeywords` varchar(255) COLLATE utf8_unicode_ci DEFAULT '',
  `siteSeoImageTransform` varchar(100) COLLATE utf8_unicode_ci DEFAULT '',
  `siteSeoFacebookImageTransform` varchar(100) COLLATE utf8_unicode_ci DEFAULT '',
  `siteSeoTwitterImageTransform` varchar(100) COLLATE utf8_unicode_ci DEFAULT '',
  `siteTwitterCardType` varchar(50) COLLATE utf8_unicode_ci DEFAULT '',
  `siteOpenGraphType` varchar(50) COLLATE utf8_unicode_ci DEFAULT '',
  `siteRobots` varchar(50) COLLATE utf8_unicode_ci DEFAULT '',
  `siteRobotsTxt` text COLLATE utf8_unicode_ci,
  `siteLinksSearchTargets` text COLLATE utf8_unicode_ci,
  `siteLinksQueryInput` varchar(50) COLLATE utf8_unicode_ci DEFAULT '',
  `googleSiteVerification` varchar(100) COLLATE utf8_unicode_ci DEFAULT '',
  `bingSiteVerification` varchar(100) COLLATE utf8_unicode_ci DEFAULT '',
  `googleAnalyticsUID` varchar(50) COLLATE utf8_unicode_ci DEFAULT '',
  `googleTagManagerID` varchar(50) COLLATE utf8_unicode_ci DEFAULT '',
  `googleAnalyticsSendPageview` tinyint(1) unsigned NOT NULL DEFAULT '1',
  `googleAnalyticsAdvertising` tinyint(1) unsigned NOT NULL DEFAULT '0',
  `googleAnalyticsEcommerce` tinyint(1) unsigned NOT NULL DEFAULT '0',
  `googleAnalyticsEEcommerce` tinyint(1) unsigned NOT NULL DEFAULT '0',
  `googleAnalyticsLinkAttribution` tinyint(1) unsigned NOT NULL DEFAULT '0',
  `googleAnalyticsLinker` tinyint(1) unsigned NOT NULL DEFAULT '0',
  `googleAnalyticsAnonymizeIp` tinyint(1) NOT NULL,
  `siteOwnerType` varchar(50) COLLATE utf8_unicode_ci DEFAULT '',
  `siteOwnerSubType` varchar(50) COLLATE utf8_unicode_ci DEFAULT '',
  `siteOwnerSpecificType` varchar(50) COLLATE utf8_unicode_ci DEFAULT '',
  `genericOwnerName` varchar(255) COLLATE utf8_unicode_ci DEFAULT '',
  `genericOwnerAlternateName` varchar(255) COLLATE utf8_unicode_ci DEFAULT '',
  `genericOwnerDescription` varchar(1024) COLLATE utf8_unicode_ci DEFAULT '',
  `genericOwnerUrl` varchar(255) COLLATE utf8_unicode_ci DEFAULT '',
  `genericOwnerTelephone` varchar(255) COLLATE utf8_unicode_ci DEFAULT '',
  `genericOwnerEmail` varchar(255) COLLATE utf8_unicode_ci DEFAULT '',
  `genericOwnerStreetAddress` varchar(255) COLLATE utf8_unicode_ci DEFAULT '',
  `genericOwnerAddressLocality` varchar(255) COLLATE utf8_unicode_ci DEFAULT '',
  `genericOwnerAddressRegion` varchar(255) COLLATE utf8_unicode_ci DEFAULT '',
  `genericOwnerPostalCode` varchar(255) COLLATE utf8_unicode_ci DEFAULT '',
  `genericOwnerAddressCountry` varchar(255) COLLATE utf8_unicode_ci DEFAULT '',
  `genericOwnerGeoLatitude` varchar(255) COLLATE utf8_unicode_ci DEFAULT '',
  `genericOwnerGeoLongitude` varchar(255) COLLATE utf8_unicode_ci DEFAULT '',
  `organizationOwnerDuns` varchar(255) COLLATE utf8_unicode_ci DEFAULT '',
  `organizationOwnerFounder` varchar(255) COLLATE utf8_unicode_ci DEFAULT '',
  `organizationOwnerFoundingDate` varchar(255) COLLATE utf8_unicode_ci DEFAULT '',
  `organizationOwnerFoundingLocation` varchar(255) COLLATE utf8_unicode_ci DEFAULT '',
  `organizationOwnerContactPoints` text COLLATE utf8_unicode_ci,
  `localBusinessPriceRange` varchar(10) COLLATE utf8_unicode_ci DEFAULT NULL,
  `localBusinessOwnerOpeningHours` text COLLATE utf8_unicode_ci,
  `corporationOwnerTickerSymbol` varchar(255) COLLATE utf8_unicode_ci DEFAULT '',
  `restaurantOwnerServesCuisine` varchar(255) COLLATE utf8_unicode_ci DEFAULT '',
  `restaurantOwnerMenuUrl` varchar(255) COLLATE utf8_unicode_ci DEFAULT '',
  `restaurantOwnerReservationsUrl` varchar(255) COLLATE utf8_unicode_ci DEFAULT '',
  `personOwnerGender` varchar(255) COLLATE utf8_unicode_ci DEFAULT '',
  `personOwnerBirthPlace` varchar(255) COLLATE utf8_unicode_ci DEFAULT '',
  `twitterHandle` varchar(50) COLLATE utf8_unicode_ci DEFAULT '',
  `facebookHandle` varchar(50) COLLATE utf8_unicode_ci DEFAULT '',
  `facebookProfileId` varchar(50) COLLATE utf8_unicode_ci DEFAULT '',
  `facebookAppId` varchar(50) COLLATE utf8_unicode_ci DEFAULT '',
  `linkedInHandle` varchar(50) COLLATE utf8_unicode_ci DEFAULT '',
  `googlePlusHandle` varchar(50) COLLATE utf8_unicode_ci DEFAULT '',
  `youtubeHandle` varchar(50) COLLATE utf8_unicode_ci DEFAULT '',
  `youtubeChannelHandle` varchar(50) COLLATE utf8_unicode_ci DEFAULT '',
  `instagramHandle` varchar(50) COLLATE utf8_unicode_ci DEFAULT '',
  `pinterestHandle` varchar(50) COLLATE utf8_unicode_ci DEFAULT '',
  `githubHandle` varchar(50) COLLATE utf8_unicode_ci DEFAULT '',
  `vimeoHandle` varchar(50) COLLATE utf8_unicode_ci DEFAULT '',
  `wikipediaUrl` varchar(100) COLLATE utf8_unicode_ci DEFAULT NULL,
  `siteCreatorType` varchar(255) COLLATE utf8_unicode_ci DEFAULT '',
  `siteCreatorSubType` varchar(255) COLLATE utf8_unicode_ci DEFAULT '',
  `siteCreatorSpecificType` varchar(255) COLLATE utf8_unicode_ci DEFAULT '',
  `genericCreatorName` varchar(255) COLLATE utf8_unicode_ci DEFAULT '',
  `genericCreatorAlternateName` varchar(255) COLLATE utf8_unicode_ci DEFAULT '',
  `genericCreatorDescription` varchar(1024) COLLATE utf8_unicode_ci DEFAULT '',
  `genericCreatorUrl` varchar(255) COLLATE utf8_unicode_ci DEFAULT '',
  `genericCreatorTelephone` varchar(255) COLLATE utf8_unicode_ci DEFAULT '',
  `genericCreatorEmail` varchar(255) COLLATE utf8_unicode_ci DEFAULT '',
  `genericCreatorStreetAddress` varchar(255) COLLATE utf8_unicode_ci DEFAULT '',
  `genericCreatorAddressLocality` varchar(255) COLLATE utf8_unicode_ci DEFAULT '',
  `genericCreatorAddressRegion` varchar(255) COLLATE utf8_unicode_ci DEFAULT '',
  `genericCreatorPostalCode` varchar(255) COLLATE utf8_unicode_ci DEFAULT '',
  `genericCreatorAddressCountry` varchar(255) COLLATE utf8_unicode_ci DEFAULT '',
  `genericCreatorGeoLatitude` varchar(255) COLLATE utf8_unicode_ci DEFAULT '',
  `genericCreatorGeoLongitude` varchar(255) COLLATE utf8_unicode_ci DEFAULT '',
  `organizationCreatorDuns` varchar(255) COLLATE utf8_unicode_ci DEFAULT '',
  `organizationCreatorFounder` varchar(255) COLLATE utf8_unicode_ci DEFAULT '',
  `organizationCreatorFoundingDate` varchar(255) COLLATE utf8_unicode_ci DEFAULT '',
  `organizationCreatorFoundingLocation` varchar(255) COLLATE utf8_unicode_ci DEFAULT '',
  `organizationCreatorContactPoints` text COLLATE utf8_unicode_ci,
  `localBusinessCreatorOpeningHours` text COLLATE utf8_unicode_ci,
  `corporationCreatorTickerSymbol` varchar(255) COLLATE utf8_unicode_ci DEFAULT '',
  `restaurantCreatorServesCuisine` varchar(255) COLLATE utf8_unicode_ci DEFAULT '',
  `restaurantCreatorMenuUrl` varchar(255) COLLATE utf8_unicode_ci DEFAULT '',
  `restaurantCreatorReservationsUrl` varchar(255) COLLATE utf8_unicode_ci DEFAULT '',
  `personCreatorGender` varchar(255) COLLATE utf8_unicode_ci DEFAULT '',
  `personCreatorBirthPlace` varchar(255) COLLATE utf8_unicode_ci DEFAULT '',
  `genericCreatorHumansTxt` text COLLATE utf8_unicode_ci,
  `dateCreated` datetime NOT NULL,
  `dateUpdated` datetime NOT NULL,
  `uid` char(36) COLLATE utf8_unicode_ci NOT NULL DEFAULT '0',
  PRIMARY KEY (`id`),
  KEY `craft_seomatic_settings_siteSeoImageId_fk` (`siteSeoImageId`),
  KEY `craft_seomatic_settings_siteSeoTwitterImageId_fk` (`siteSeoTwitterImageId`),
  KEY `craft_seomatic_settings_siteSeoFacebookImageId_fk` (`siteSeoFacebookImageId`),
  KEY `craft_seomatic_settings_genericOwnerImageId_fk` (`genericOwnerImageId`),
  KEY `craft_seomatic_settings_genericCreatorImageId_fk` (`genericCreatorImageId`)
) ENGINE=InnoDB AUTO_INCREMENT=2 DEFAULT CHARSET=utf8 COLLATE=utf8_unicode_ci;

--
-- Data for table `craft_seomatic_settings`
--

INSERT INTO `craft_seomatic_settings` (`id`, `siteSeoImageId`, `siteSeoTwitterImageId`, `siteSeoFacebookImageId`, `genericOwnerImageId`, `genericCreatorImageId`, `locale`, `siteSeoName`, `siteSeoTitle`, `siteSeoTitleSeparator`, `siteSeoTitlePlacement`, `siteSeoDescription`, `siteSeoKeywords`, `siteSeoImageTransform`, `siteSeoFacebookImageTransform`, `siteSeoTwitterImageTransform`, `siteTwitterCardType`, `siteOpenGraphType`, `siteRobots`, `siteRobotsTxt`, `siteLinksSearchTargets`, `siteLinksQueryInput`, `googleSiteVerification`, `bingSiteVerification`, `googleAnalyticsUID`, `googleTagManagerID`, `googleAnalyticsSendPageview`, `googleAnalyticsAdvertising`, `googleAnalyticsEcommerce`, `googleAnalyticsEEcommerce`, `googleAnalyticsLinkAttribution`, `googleAnalyticsLinker`, `googleAnalyticsAnonymizeIp`, `siteOwnerType`, `siteOwnerSubType`, `siteOwnerSpecificType`, `genericOwnerName`, `genericOwnerAlternateName`, `genericOwnerDescription`, `genericOwnerUrl`, `genericOwnerTelephone`, `genericOwnerEmail`, `genericOwnerStreetAddress`, `genericOwnerAddressLocality`, `genericOwnerAddressRegion`, `genericOwnerPostalCode`, `genericOwnerAddressCountry`, `genericOwnerGeoLatitude`, `genericOwnerGeoLongitude`, `organizationOwnerDuns`, `organizationOwnerFounder`, `organizationOwnerFoundingDate`, `organizationOwnerFoundingLocation`, `organizationOwnerContactPoints`, `localBusinessPriceRange`, `localBusinessOwnerOpeningHours`, `corporationOwnerTickerSymbol`, `restaurantOwnerServesCuisine`, `restaurantOwnerMenuUrl`, `restaurantOwnerReservationsUrl`, `personOwnerGender`, `personOwnerBirthPlace`, `twitterHandle`, `facebookHandle`, `facebookProfileId`, `facebookAppId`, `linkedInHandle`, `googlePlusHandle`, `youtubeHandle`, `youtubeChannelHandle`, `instagramHandle`, `pinterestHandle`, `githubHandle`, `vimeoHandle`, `wikipediaUrl`, `siteCreatorType`, `siteCreatorSubType`, `siteCreatorSpecificType`, `genericCreatorName`, `genericCreatorAlternateName`, `genericCreatorDescription`, `genericCreatorUrl`, `genericCreatorTelephone`, `genericCreatorEmail`, `genericCreatorStreetAddress`, `genericCreatorAddressLocality`, `genericCreatorAddressRegion`, `genericCreatorPostalCode`, `genericCreatorAddressCountry`, `genericCreatorGeoLatitude`, `genericCreatorGeoLongitude`, `organizationCreatorDuns`, `organizationCreatorFounder`, `organizationCreatorFoundingDate`, `organizationCreatorFoundingLocation`, `organizationCreatorContactPoints`, `localBusinessCreatorOpeningHours`, `corporationCreatorTickerSymbol`, `restaurantCreatorServesCuisine`, `restaurantCreatorMenuUrl`, `restaurantCreatorReservationsUrl`, `personCreatorGender`, `personCreatorBirthPlace`, `genericCreatorHumansTxt`, `dateCreated`, `dateUpdated`, `uid`) VALUES
 ('1', NULL, NULL, NULL, NULL, NULL, 'en_gb', 'Base Craft', 'This is the default global title of the site pages.', '|', 'after', 'This is the default global natural language description of the content on the site pages.', 'default,global,comma-separated,keywords', '', '', '', 'summary', 'website', '', '# robots.txt for {{ siteUrl }}\n\nSitemap: {{ siteUrl }}/sitemap.xml\n\n# Don\'t allow web crawlers to index Craft\n\nUser-agent: *\nDisallow: /craft/\n', '', '', '', '', '', '', '1', '0', '0', '0', '0', '0', '0', 'Organization', 'Corporation', '', 'Base Craft', '', '', 'http://base-craft.dev/', '', '', '', '', '', '', '', '', '', '', '', '', '', '', '', '', '', '', '', '', '', '', '', '', '', '', '', '', '', '', '', '', '', '', '', 'Organization', 'Corporation', '', '', '', '', '', '', '', '', '', '', '', '', '', '', '', '', '', '', '', '', '', '', '', '', '', '', '/* TEAM */\n\n{% if seomaticCreator.name is defined and seomaticCreator.name %}\nCreator: {{ seomaticCreator.name }}\n{% endif %}\n{% if seomaticCreator.url is defined and seomaticCreator.url %}\nURL: {{ seomaticCreator.url }}\n{% endif %}\n{% if seomaticCreator.description is defined and seomaticCreator.description %}\nDescription: {{ seomaticCreator.description }}\n{% endif %}\n\n/* THANKS */\n\nPixel & Tonic - https://pixelandtonic.com\n\n/* SITE */\n\nStandards: HTML5, CSS3\nComponents: Craft CMS, Yii, PHP, Javascript, SEOmatic', '2017-06-04 14:41:40', '2017-06-04 14:41:40', '2b5573c9-50f7-4fe5-875d-e3dd3bdd3d2b');



DROP TABLE IF EXISTS `craft_sessions`;


--
-- Schema for table `craft_sessions`
--
CREATE TABLE `craft_sessions` (
  `id` int(11) NOT NULL AUTO_INCREMENT,
  `userId` int(11) NOT NULL,
  `token` char(100) COLLATE utf8_unicode_ci NOT NULL,
  `dateCreated` datetime NOT NULL,
  `dateUpdated` datetime NOT NULL,
  `uid` char(36) COLLATE utf8_unicode_ci NOT NULL DEFAULT '0',
  PRIMARY KEY (`id`),
  KEY `craft_sessions_uid_idx` (`uid`),
  KEY `craft_sessions_token_idx` (`token`),
  KEY `craft_sessions_dateUpdated_idx` (`dateUpdated`),
  KEY `craft_sessions_userId_fk` (`userId`)
) ENGINE=InnoDB AUTO_INCREMENT=10 DEFAULT CHARSET=utf8 COLLATE=utf8_unicode_ci;

DROP TABLE IF EXISTS `craft_shunnedmessages`;


--
-- Schema for table `craft_shunnedmessages`
--
CREATE TABLE `craft_shunnedmessages` (
  `id` int(11) NOT NULL AUTO_INCREMENT,
  `userId` int(11) NOT NULL,
  `message` varchar(255) COLLATE utf8_unicode_ci NOT NULL,
  `expiryDate` datetime DEFAULT NULL,
  `dateCreated` datetime NOT NULL,
  `dateUpdated` datetime NOT NULL,
  `uid` char(36) COLLATE utf8_unicode_ci NOT NULL DEFAULT '0',
  PRIMARY KEY (`id`),
  UNIQUE KEY `craft_shunnedmessages_userId_message_unq_idx` (`userId`,`message`)
) ENGINE=InnoDB DEFAULT CHARSET=utf8 COLLATE=utf8_unicode_ci;

DROP TABLE IF EXISTS `craft_structureelements`;


--
-- Schema for table `craft_structureelements`
--
CREATE TABLE `craft_structureelements` (
  `id` int(11) NOT NULL AUTO_INCREMENT,
  `structureId` int(11) NOT NULL,
  `elementId` int(11) DEFAULT NULL,
  `root` int(11) unsigned DEFAULT NULL,
  `lft` int(11) unsigned NOT NULL,
  `rgt` int(11) unsigned NOT NULL,
  `level` smallint(6) unsigned NOT NULL,
  `dateCreated` datetime NOT NULL,
  `dateUpdated` datetime NOT NULL,
  `uid` char(36) COLLATE utf8_unicode_ci NOT NULL DEFAULT '0',
  PRIMARY KEY (`id`),
  UNIQUE KEY `craft_structureelements_structureId_elementId_unq_idx` (`structureId`,`elementId`),
  KEY `craft_structureelements_root_idx` (`root`),
  KEY `craft_structureelements_lft_idx` (`lft`),
  KEY `craft_structureelements_rgt_idx` (`rgt`),
  KEY `craft_structureelements_level_idx` (`level`),
  KEY `craft_structureelements_elementId_fk` (`elementId`)
) ENGINE=InnoDB DEFAULT CHARSET=utf8 COLLATE=utf8_unicode_ci;

DROP TABLE IF EXISTS `craft_structures`;


--
-- Schema for table `craft_structures`
--
CREATE TABLE `craft_structures` (
  `id` int(11) NOT NULL AUTO_INCREMENT,
  `maxLevels` smallint(6) unsigned DEFAULT NULL,
  `dateCreated` datetime NOT NULL,
  `dateUpdated` datetime NOT NULL,
  `uid` char(36) COLLATE utf8_unicode_ci NOT NULL DEFAULT '0',
  PRIMARY KEY (`id`)
) ENGINE=InnoDB DEFAULT CHARSET=utf8 COLLATE=utf8_unicode_ci;

DROP TABLE IF EXISTS `craft_systemsettings`;


--
-- Schema for table `craft_systemsettings`
--
CREATE TABLE `craft_systemsettings` (
  `id` int(11) NOT NULL AUTO_INCREMENT,
  `category` varchar(15) COLLATE utf8_unicode_ci NOT NULL,
  `settings` text COLLATE utf8_unicode_ci,
  `dateCreated` datetime NOT NULL,
  `dateUpdated` datetime NOT NULL,
  `uid` char(36) COLLATE utf8_unicode_ci NOT NULL DEFAULT '0',
  PRIMARY KEY (`id`),
  UNIQUE KEY `craft_systemsettings_category_unq_idx` (`category`)
) ENGINE=InnoDB AUTO_INCREMENT=2 DEFAULT CHARSET=utf8 COLLATE=utf8_unicode_ci;

--
-- Data for table `craft_systemsettings`
--

INSERT INTO `craft_systemsettings` (`id`, `category`, `settings`, `dateCreated`, `dateUpdated`, `uid`) VALUES
 ('1', 'email', '{\"protocol\":\"php\",\"emailAddress\":\"masatoseki@the-neighbourhood.com\",\"senderName\":\"Base Craft\"}', '2017-06-04 14:41:02', '2017-06-04 14:41:02', '9b042c06-47c6-454b-98bf-fd6a5b4acb20');



DROP TABLE IF EXISTS `craft_taggroups`;


--
-- Schema for table `craft_taggroups`
--
CREATE TABLE `craft_taggroups` (
  `id` int(11) NOT NULL AUTO_INCREMENT,
  `name` varchar(255) COLLATE utf8_unicode_ci NOT NULL,
  `handle` varchar(255) COLLATE utf8_unicode_ci NOT NULL,
  `fieldLayoutId` int(10) DEFAULT NULL,
  `dateCreated` datetime NOT NULL,
  `dateUpdated` datetime NOT NULL,
  `uid` char(36) COLLATE utf8_unicode_ci NOT NULL DEFAULT '0',
  PRIMARY KEY (`id`),
  UNIQUE KEY `craft_taggroups_name_unq_idx` (`name`),
  UNIQUE KEY `craft_taggroups_handle_unq_idx` (`handle`),
  KEY `craft_taggroups_fieldLayoutId_fk` (`fieldLayoutId`)
) ENGINE=InnoDB AUTO_INCREMENT=2 DEFAULT CHARSET=utf8 COLLATE=utf8_unicode_ci;

--
-- Data for table `craft_taggroups`
--

INSERT INTO `craft_taggroups` (`id`, `name`, `handle`, `fieldLayoutId`, `dateCreated`, `dateUpdated`, `uid`) VALUES
 ('1', 'Default', 'default', '1', '2017-06-04 14:41:02', '2017-06-04 14:41:02', '59a99054-2a67-4687-89ae-061e7c8b65fb');



DROP TABLE IF EXISTS `craft_tags`;


--
-- Schema for table `craft_tags`
--
CREATE TABLE `craft_tags` (
  `id` int(11) NOT NULL,
  `groupId` int(11) NOT NULL,
  `dateCreated` datetime NOT NULL,
  `dateUpdated` datetime NOT NULL,
  `uid` char(36) COLLATE utf8_unicode_ci NOT NULL DEFAULT '0',
  PRIMARY KEY (`id`),
  KEY `craft_tags_groupId_fk` (`groupId`)
) ENGINE=InnoDB DEFAULT CHARSET=utf8 COLLATE=utf8_unicode_ci;

DROP TABLE IF EXISTS `craft_tasks`;


--
-- Schema for table `craft_tasks`
--
CREATE TABLE `craft_tasks` (
  `id` int(11) NOT NULL AUTO_INCREMENT,
  `root` int(11) unsigned DEFAULT NULL,
  `lft` int(11) unsigned NOT NULL,
  `rgt` int(11) unsigned NOT NULL,
  `level` smallint(6) unsigned NOT NULL,
  `currentStep` int(11) unsigned DEFAULT NULL,
  `totalSteps` int(11) unsigned DEFAULT NULL,
  `status` enum('pending','error','running') COLLATE utf8_unicode_ci DEFAULT NULL,
  `type` varchar(150) COLLATE utf8_unicode_ci NOT NULL,
  `description` varchar(255) COLLATE utf8_unicode_ci DEFAULT NULL,
  `settings` mediumtext COLLATE utf8_unicode_ci,
  `dateCreated` datetime NOT NULL,
  `dateUpdated` datetime NOT NULL,
  `uid` char(36) COLLATE utf8_unicode_ci NOT NULL DEFAULT '0',
  PRIMARY KEY (`id`),
  KEY `craft_tasks_root_idx` (`root`),
  KEY `craft_tasks_lft_idx` (`lft`),
  KEY `craft_tasks_rgt_idx` (`rgt`),
  KEY `craft_tasks_level_idx` (`level`)
) ENGINE=InnoDB AUTO_INCREMENT=2 DEFAULT CHARSET=utf8 COLLATE=utf8_unicode_ci;

DROP TABLE IF EXISTS `craft_templatecachecriteria`;


--
-- Schema for table `craft_templatecachecriteria`
--
CREATE TABLE `craft_templatecachecriteria` (
  `id` int(11) NOT NULL AUTO_INCREMENT,
  `cacheId` int(11) NOT NULL,
  `type` varchar(150) COLLATE utf8_unicode_ci NOT NULL,
  `criteria` text COLLATE utf8_unicode_ci NOT NULL,
  PRIMARY KEY (`id`),
  KEY `craft_templatecachecriteria_cacheId_fk` (`cacheId`),
  KEY `craft_templatecachecriteria_type_idx` (`type`)
) ENGINE=InnoDB DEFAULT CHARSET=utf8 COLLATE=utf8_unicode_ci;

DROP TABLE IF EXISTS `craft_templatecacheelements`;


--
-- Schema for table `craft_templatecacheelements`
--
CREATE TABLE `craft_templatecacheelements` (
  `cacheId` int(11) NOT NULL,
  `elementId` int(11) NOT NULL,
  KEY `craft_templatecacheelements_cacheId_fk` (`cacheId`),
  KEY `craft_templatecacheelements_elementId_fk` (`elementId`)
) ENGINE=InnoDB DEFAULT CHARSET=utf8 COLLATE=utf8_unicode_ci;

DROP TABLE IF EXISTS `craft_templatecaches`;


--
-- Schema for table `craft_templatecaches`
--
CREATE TABLE `craft_templatecaches` (
  `id` int(11) NOT NULL AUTO_INCREMENT,
  `cacheKey` varchar(255) COLLATE utf8_unicode_ci NOT NULL,
  `locale` char(12) COLLATE utf8_unicode_ci NOT NULL,
  `path` varchar(255) COLLATE utf8_unicode_ci DEFAULT NULL,
  `expiryDate` datetime NOT NULL,
  `body` mediumtext COLLATE utf8_unicode_ci NOT NULL,
  PRIMARY KEY (`id`),
  KEY `craft_templatecaches_expiryDate_cacheKey_locale_path_idx` (`expiryDate`,`cacheKey`,`locale`,`path`),
  KEY `craft_templatecaches_locale_fk` (`locale`)
) ENGINE=InnoDB DEFAULT CHARSET=utf8 COLLATE=utf8_unicode_ci;

DROP TABLE IF EXISTS `craft_tokens`;


--
-- Schema for table `craft_tokens`
--
CREATE TABLE `craft_tokens` (
  `id` int(11) NOT NULL AUTO_INCREMENT,
  `token` char(32) COLLATE utf8_unicode_ci NOT NULL,
  `route` text COLLATE utf8_unicode_ci,
  `usageLimit` tinyint(3) unsigned DEFAULT NULL,
  `usageCount` tinyint(3) unsigned DEFAULT NULL,
  `expiryDate` datetime NOT NULL,
  `dateCreated` datetime NOT NULL,
  `dateUpdated` datetime NOT NULL,
  `uid` char(36) COLLATE utf8_unicode_ci NOT NULL DEFAULT '0',
  PRIMARY KEY (`id`),
  UNIQUE KEY `craft_tokens_token_unq_idx` (`token`),
  KEY `craft_tokens_expiryDate_idx` (`expiryDate`)
) ENGINE=InnoDB DEFAULT CHARSET=utf8 COLLATE=utf8_unicode_ci;

DROP TABLE IF EXISTS `craft_usergroups`;


--
-- Schema for table `craft_usergroups`
--
CREATE TABLE `craft_usergroups` (
  `id` int(11) NOT NULL AUTO_INCREMENT,
  `name` varchar(255) COLLATE utf8_unicode_ci NOT NULL,
  `handle` varchar(255) COLLATE utf8_unicode_ci NOT NULL,
  `dateCreated` datetime NOT NULL,
  `dateUpdated` datetime NOT NULL,
  `uid` char(36) COLLATE utf8_unicode_ci NOT NULL DEFAULT '0',
  PRIMARY KEY (`id`),
  UNIQUE KEY `craft_usergroups_name_unq_idx` (`name`),
  UNIQUE KEY `craft_usergroups_handle_unq_idx` (`handle`)
) ENGINE=InnoDB DEFAULT CHARSET=utf8 COLLATE=utf8_unicode_ci;

DROP TABLE IF EXISTS `craft_usergroups_users`;


--
-- Schema for table `craft_usergroups_users`
--
CREATE TABLE `craft_usergroups_users` (
  `id` int(11) NOT NULL AUTO_INCREMENT,
  `groupId` int(11) NOT NULL,
  `userId` int(11) NOT NULL,
  `dateCreated` datetime NOT NULL,
  `dateUpdated` datetime NOT NULL,
  `uid` char(36) COLLATE utf8_unicode_ci NOT NULL DEFAULT '0',
  PRIMARY KEY (`id`),
  UNIQUE KEY `craft_usergroups_users_groupId_userId_unq_idx` (`groupId`,`userId`),
  KEY `craft_usergroups_users_userId_fk` (`userId`)
) ENGINE=InnoDB DEFAULT CHARSET=utf8 COLLATE=utf8_unicode_ci;

DROP TABLE IF EXISTS `craft_userpermissions`;


--
-- Schema for table `craft_userpermissions`
--
CREATE TABLE `craft_userpermissions` (
  `id` int(11) NOT NULL AUTO_INCREMENT,
  `name` varchar(255) COLLATE utf8_unicode_ci NOT NULL,
  `dateCreated` datetime NOT NULL,
  `dateUpdated` datetime NOT NULL,
  `uid` char(36) COLLATE utf8_unicode_ci NOT NULL DEFAULT '0',
  PRIMARY KEY (`id`),
  UNIQUE KEY `craft_userpermissions_name_unq_idx` (`name`)
) ENGINE=InnoDB DEFAULT CHARSET=utf8 COLLATE=utf8_unicode_ci;

DROP TABLE IF EXISTS `craft_userpermissions_usergroups`;


--
-- Schema for table `craft_userpermissions_usergroups`
--
CREATE TABLE `craft_userpermissions_usergroups` (
  `id` int(11) NOT NULL AUTO_INCREMENT,
  `permissionId` int(11) NOT NULL,
  `groupId` int(11) NOT NULL,
  `dateCreated` datetime NOT NULL,
  `dateUpdated` datetime NOT NULL,
  `uid` char(36) COLLATE utf8_unicode_ci NOT NULL DEFAULT '0',
  PRIMARY KEY (`id`),
  UNIQUE KEY `craft_userpermissions_usergroups_permissionId_groupId_unq_idx` (`permissionId`,`groupId`),
  KEY `craft_userpermissions_usergroups_groupId_fk` (`groupId`)
) ENGINE=InnoDB DEFAULT CHARSET=utf8 COLLATE=utf8_unicode_ci;

DROP TABLE IF EXISTS `craft_userpermissions_users`;


--
-- Schema for table `craft_userpermissions_users`
--
CREATE TABLE `craft_userpermissions_users` (
  `id` int(11) NOT NULL AUTO_INCREMENT,
  `permissionId` int(11) NOT NULL,
  `userId` int(11) NOT NULL,
  `dateCreated` datetime NOT NULL,
  `dateUpdated` datetime NOT NULL,
  `uid` char(36) COLLATE utf8_unicode_ci NOT NULL DEFAULT '0',
  PRIMARY KEY (`id`),
  UNIQUE KEY `craft_userpermissions_users_permissionId_userId_unq_idx` (`permissionId`,`userId`),
  KEY `craft_userpermissions_users_userId_fk` (`userId`)
) ENGINE=InnoDB DEFAULT CHARSET=utf8 COLLATE=utf8_unicode_ci;

DROP TABLE IF EXISTS `craft_users`;


--
-- Schema for table `craft_users`
--
CREATE TABLE `craft_users` (
  `id` int(11) NOT NULL,
  `username` varchar(100) COLLATE utf8_unicode_ci NOT NULL,
  `photo` varchar(100) COLLATE utf8_unicode_ci DEFAULT NULL,
  `firstName` varchar(100) COLLATE utf8_unicode_ci DEFAULT NULL,
  `lastName` varchar(100) COLLATE utf8_unicode_ci DEFAULT NULL,
  `email` varchar(255) COLLATE utf8_unicode_ci NOT NULL,
  `password` char(255) COLLATE utf8_unicode_ci DEFAULT NULL,
  `preferredLocale` char(12) COLLATE utf8_unicode_ci DEFAULT NULL,
  `weekStartDay` tinyint(1) unsigned NOT NULL DEFAULT '0',
  `admin` tinyint(1) unsigned NOT NULL DEFAULT '0',
  `client` tinyint(1) unsigned NOT NULL DEFAULT '0',
  `locked` tinyint(1) unsigned NOT NULL DEFAULT '0',
  `suspended` tinyint(1) unsigned NOT NULL DEFAULT '0',
  `pending` tinyint(1) unsigned NOT NULL DEFAULT '0',
  `archived` tinyint(1) unsigned NOT NULL DEFAULT '0',
  `lastLoginDate` datetime DEFAULT NULL,
  `lastLoginAttemptIPAddress` varchar(45) COLLATE utf8_unicode_ci DEFAULT NULL,
  `invalidLoginWindowStart` datetime DEFAULT NULL,
  `invalidLoginCount` tinyint(4) unsigned DEFAULT NULL,
  `lastInvalidLoginDate` datetime DEFAULT NULL,
  `lockoutDate` datetime DEFAULT NULL,
  `verificationCode` char(100) COLLATE utf8_unicode_ci DEFAULT NULL,
  `verificationCodeIssuedDate` datetime DEFAULT NULL,
  `unverifiedEmail` varchar(255) COLLATE utf8_unicode_ci DEFAULT NULL,
  `passwordResetRequired` tinyint(1) unsigned NOT NULL DEFAULT '0',
  `lastPasswordChangeDate` datetime DEFAULT NULL,
  `dateCreated` datetime NOT NULL,
  `dateUpdated` datetime NOT NULL,
  `uid` char(36) COLLATE utf8_unicode_ci NOT NULL DEFAULT '0',
  PRIMARY KEY (`id`),
  UNIQUE KEY `craft_users_username_unq_idx` (`username`),
  UNIQUE KEY `craft_users_email_unq_idx` (`email`),
  KEY `craft_users_verificationCode_idx` (`verificationCode`),
  KEY `craft_users_uid_idx` (`uid`),
  KEY `craft_users_preferredLocale_fk` (`preferredLocale`)
) ENGINE=InnoDB DEFAULT CHARSET=utf8 COLLATE=utf8_unicode_ci;

--
-- Data for table `craft_users`
--

INSERT INTO `craft_users` (`id`, `username`, `photo`, `firstName`, `lastName`, `email`, `password`, `preferredLocale`, `weekStartDay`, `admin`, `client`, `locked`, `suspended`, `pending`, `archived`, `lastLoginDate`, `lastLoginAttemptIPAddress`, `invalidLoginWindowStart`, `invalidLoginCount`, `lastInvalidLoginDate`, `lockoutDate`, `verificationCode`, `verificationCodeIssuedDate`, `unverifiedEmail`, `passwordResetRequired`, `lastPasswordChangeDate`, `dateCreated`, `dateUpdated`, `uid`) VALUES
 ('1', 'masatoseki', NULL, NULL, NULL, 'masatoseki@the-neighbourhood.com', '$2y$13$IpcTalj2X1uKIQytnWBv9uoFpqp35twxzXQg4It7IGx8QoCOh6Xoa', NULL, '0', '1', '0', '0', '0', '0', '0', '2017-06-21 20:45:22', '127.0.0.1', NULL, NULL, NULL, NULL, NULL, NULL, NULL, '0', '2017-06-04 14:41:00', '2017-06-04 14:41:00', '2017-06-21 20:45:22', '93adf929-aa53-498d-aabb-e5583b0d6c86');



DROP TABLE IF EXISTS `craft_widgets`;


--
-- Schema for table `craft_widgets`
--
CREATE TABLE `craft_widgets` (
  `id` int(11) NOT NULL AUTO_INCREMENT,
  `userId` int(11) NOT NULL,
  `type` varchar(150) COLLATE utf8_unicode_ci NOT NULL,
  `sortOrder` smallint(6) unsigned DEFAULT NULL,
  `colspan` tinyint(4) unsigned DEFAULT NULL,
  `settings` text COLLATE utf8_unicode_ci,
  `enabled` tinyint(1) unsigned NOT NULL DEFAULT '1',
  `dateCreated` datetime NOT NULL,
  `dateUpdated` datetime NOT NULL,
  `uid` char(36) COLLATE utf8_unicode_ci NOT NULL DEFAULT '0',
  PRIMARY KEY (`id`),
  KEY `craft_widgets_userId_fk` (`userId`)
) ENGINE=InnoDB AUTO_INCREMENT=5 DEFAULT CHARSET=utf8 COLLATE=utf8_unicode_ci;

--
-- Data for table `craft_widgets`
--

INSERT INTO `craft_widgets` (`id`, `userId`, `type`, `sortOrder`, `colspan`, `settings`, `enabled`, `dateCreated`, `dateUpdated`, `uid`) VALUES
 ('1', '1', 'RecentEntries', '1', NULL, NULL, '1', '2017-06-04 14:41:29', '2017-06-04 14:41:29', 'f8c4df9f-2fde-4756-9168-8f1f7f86bfc7'),
 ('2', '1', 'GetHelp', '2', NULL, NULL, '1', '2017-06-04 14:41:29', '2017-06-04 14:41:29', 'f2db7830-7aaf-43bb-a040-ee54ffab6402'),
 ('3', '1', 'Updates', '3', NULL, NULL, '1', '2017-06-04 14:41:29', '2017-06-04 14:41:29', '3e4b77ed-eb5c-479e-a512-2c38b19a15bd'),
 ('4', '1', 'Feed', '4', NULL, '{\"url\":\"https:\\/\\/craftcms.com\\/news.rss\",\"title\":\"Craft News\"}', '1', '2017-06-04 14:41:29', '2017-06-04 14:41:29', '8c57901b-1f0d-4321-873d-47151af2d6f4');


--
-- Constraints for tables
--


--
-- Constraints for table `craft_assetfiles`
--
ALTER TABLE `craft_assetfiles`
	ADD CONSTRAINT `craft_assetfiles_folderId_fk` FOREIGN KEY (`folderId`) REFERENCES `craft_assetfolders` (`id`) ON DELETE CASCADE,
	ADD CONSTRAINT `craft_assetfiles_id_fk` FOREIGN KEY (`id`) REFERENCES `craft_elements` (`id`) ON DELETE CASCADE,
	ADD CONSTRAINT `craft_assetfiles_sourceId_fk` FOREIGN KEY (`sourceId`) REFERENCES `craft_assetsources` (`id`) ON DELETE CASCADE;

--
-- Constraints for table `craft_assetfolders`
--
ALTER TABLE `craft_assetfolders`
	ADD CONSTRAINT `craft_assetfolders_parentId_fk` FOREIGN KEY (`parentId`) REFERENCES `craft_assetfolders` (`id`) ON DELETE CASCADE,
	ADD CONSTRAINT `craft_assetfolders_sourceId_fk` FOREIGN KEY (`sourceId`) REFERENCES `craft_assetsources` (`id`) ON DELETE CASCADE;

--
-- Constraints for table `craft_assetindexdata`
--
ALTER TABLE `craft_assetindexdata`
	ADD CONSTRAINT `craft_assetindexdata_sourceId_fk` FOREIGN KEY (`sourceId`) REFERENCES `craft_assetsources` (`id`) ON DELETE CASCADE;

--
-- Constraints for table `craft_assetsources`
--
ALTER TABLE `craft_assetsources`
	ADD CONSTRAINT `craft_assetsources_fieldLayoutId_fk` FOREIGN KEY (`fieldLayoutId`) REFERENCES `craft_fieldlayouts` (`id`) ON DELETE SET NULL;

--
-- Constraints for table `craft_categories`
--
ALTER TABLE `craft_categories`
	ADD CONSTRAINT `craft_categories_groupId_fk` FOREIGN KEY (`groupId`) REFERENCES `craft_categorygroups` (`id`) ON DELETE CASCADE,
	ADD CONSTRAINT `craft_categories_id_fk` FOREIGN KEY (`id`) REFERENCES `craft_elements` (`id`) ON DELETE CASCADE;

--
-- Constraints for table `craft_categorygroups`
--
ALTER TABLE `craft_categorygroups`
	ADD CONSTRAINT `craft_categorygroups_fieldLayoutId_fk` FOREIGN KEY (`fieldLayoutId`) REFERENCES `craft_fieldlayouts` (`id`) ON DELETE SET NULL,
	ADD CONSTRAINT `craft_categorygroups_structureId_fk` FOREIGN KEY (`structureId`) REFERENCES `craft_structures` (`id`) ON DELETE CASCADE;

--
-- Constraints for table `craft_categorygroups_i18n`
--
ALTER TABLE `craft_categorygroups_i18n`
	ADD CONSTRAINT `craft_categorygroups_i18n_groupId_fk` FOREIGN KEY (`groupId`) REFERENCES `craft_categorygroups` (`id`) ON DELETE CASCADE,
	ADD CONSTRAINT `craft_categorygroups_i18n_locale_fk` FOREIGN KEY (`locale`) REFERENCES `craft_locales` (`locale`) ON DELETE CASCADE ON UPDATE CASCADE;

--
-- Constraints for table `craft_commerce_addresses`
--
ALTER TABLE `craft_commerce_addresses`
	ADD CONSTRAINT `craft_commerce_addresses_countryId_fk` FOREIGN KEY (`countryId`) REFERENCES `craft_commerce_countries` (`id`) ON DELETE SET NULL,
	ADD CONSTRAINT `craft_commerce_addresses_stateId_fk` FOREIGN KEY (`stateId`) REFERENCES `craft_commerce_states` (`id`) ON DELETE SET NULL;

--
-- Constraints for table `craft_commerce_customer_discountuses`
--
ALTER TABLE `craft_commerce_customer_discountuses`
	ADD CONSTRAINT `craft_commerce_customer_discountuses_customerId_fk` FOREIGN KEY (`customerId`) REFERENCES `craft_commerce_customers` (`id`) ON DELETE CASCADE ON UPDATE CASCADE,
	ADD CONSTRAINT `craft_commerce_customer_discountuses_discountId_fk` FOREIGN KEY (`discountId`) REFERENCES `craft_commerce_discounts` (`id`) ON DELETE CASCADE ON UPDATE CASCADE;

--
-- Constraints for table `craft_commerce_customers`
--
ALTER TABLE `craft_commerce_customers`
	ADD CONSTRAINT `craft_commerce_customers_userId_fk` FOREIGN KEY (`userId`) REFERENCES `craft_users` (`id`) ON DELETE SET NULL;

--
-- Constraints for table `craft_commerce_customers_addresses`
--
ALTER TABLE `craft_commerce_customers_addresses`
	ADD CONSTRAINT `craft_commerce_customers_addresses_addressId_fk` FOREIGN KEY (`addressId`) REFERENCES `craft_commerce_addresses` (`id`) ON DELETE CASCADE ON UPDATE CASCADE,
	ADD CONSTRAINT `craft_commerce_customers_addresses_customerId_fk` FOREIGN KEY (`customerId`) REFERENCES `craft_commerce_customers` (`id`) ON DELETE CASCADE ON UPDATE CASCADE;

--
-- Constraints for table `craft_commerce_discount_products`
--
ALTER TABLE `craft_commerce_discount_products`
	ADD CONSTRAINT `craft_commerce_discount_products_discountId_fk` FOREIGN KEY (`discountId`) REFERENCES `craft_commerce_discounts` (`id`) ON DELETE CASCADE ON UPDATE CASCADE,
	ADD CONSTRAINT `craft_commerce_discount_products_productId_fk` FOREIGN KEY (`productId`) REFERENCES `craft_commerce_products` (`id`) ON DELETE CASCADE ON UPDATE CASCADE;

--
-- Constraints for table `craft_commerce_discount_producttypes`
--
ALTER TABLE `craft_commerce_discount_producttypes`
	ADD CONSTRAINT `craft_commerce_discount_producttypes_discountId_fk` FOREIGN KEY (`discountId`) REFERENCES `craft_commerce_discounts` (`id`) ON DELETE CASCADE ON UPDATE CASCADE,
	ADD CONSTRAINT `craft_commerce_discount_producttypes_productTypeId_fk` FOREIGN KEY (`productTypeId`) REFERENCES `craft_commerce_producttypes` (`id`) ON DELETE CASCADE ON UPDATE CASCADE;

--
-- Constraints for table `craft_commerce_discount_usergroups`
--
ALTER TABLE `craft_commerce_discount_usergroups`
	ADD CONSTRAINT `craft_commerce_discount_usergroups_discountId_fk` FOREIGN KEY (`discountId`) REFERENCES `craft_commerce_discounts` (`id`) ON DELETE CASCADE ON UPDATE CASCADE,
	ADD CONSTRAINT `craft_commerce_discount_usergroups_userGroupId_fk` FOREIGN KEY (`userGroupId`) REFERENCES `craft_usergroups` (`id`) ON DELETE CASCADE ON UPDATE CASCADE;

--
-- Constraints for table `craft_commerce_lineitems`
--
ALTER TABLE `craft_commerce_lineitems`
	ADD CONSTRAINT `craft_commerce_lineitems_orderId_fk` FOREIGN KEY (`orderId`) REFERENCES `craft_commerce_orders` (`id`) ON DELETE CASCADE,
	ADD CONSTRAINT `craft_commerce_lineitems_purchasableId_fk` FOREIGN KEY (`purchasableId`) REFERENCES `craft_elements` (`id`) ON DELETE SET NULL ON UPDATE CASCADE,
	ADD CONSTRAINT `craft_commerce_lineitems_shippingCategoryId_fk` FOREIGN KEY (`shippingCategoryId`) REFERENCES `craft_commerce_shippingcategories` (`id`) ON UPDATE CASCADE,
	ADD CONSTRAINT `craft_commerce_lineitems_taxCategoryId_fk` FOREIGN KEY (`taxCategoryId`) REFERENCES `craft_commerce_taxcategories` (`id`) ON UPDATE CASCADE;

--
-- Constraints for table `craft_commerce_orderadjustments`
--
ALTER TABLE `craft_commerce_orderadjustments`
	ADD CONSTRAINT `craft_commerce_orderadjustments_orderId_fk` FOREIGN KEY (`orderId`) REFERENCES `craft_commerce_orders` (`id`) ON DELETE CASCADE;

--
-- Constraints for table `craft_commerce_orderhistories`
--
ALTER TABLE `craft_commerce_orderhistories`
	ADD CONSTRAINT `craft_commerce_orderhistories_customerId_fk` FOREIGN KEY (`customerId`) REFERENCES `craft_commerce_customers` (`id`) ON DELETE CASCADE ON UPDATE CASCADE,
	ADD CONSTRAINT `craft_commerce_orderhistories_newStatusId_fk` FOREIGN KEY (`newStatusId`) REFERENCES `craft_commerce_orderstatuses` (`id`) ON UPDATE CASCADE,
	ADD CONSTRAINT `craft_commerce_orderhistories_orderId_fk` FOREIGN KEY (`orderId`) REFERENCES `craft_commerce_orders` (`id`) ON DELETE CASCADE ON UPDATE CASCADE,
	ADD CONSTRAINT `craft_commerce_orderhistories_prevStatusId_fk` FOREIGN KEY (`prevStatusId`) REFERENCES `craft_commerce_orderstatuses` (`id`) ON UPDATE CASCADE;

--
-- Constraints for table `craft_commerce_orders`
--
ALTER TABLE `craft_commerce_orders`
	ADD CONSTRAINT `craft_commerce_orders_billingAddressId_fk` FOREIGN KEY (`billingAddressId`) REFERENCES `craft_commerce_addresses` (`id`) ON DELETE SET NULL,
	ADD CONSTRAINT `craft_commerce_orders_customerId_fk` FOREIGN KEY (`customerId`) REFERENCES `craft_commerce_customers` (`id`) ON DELETE SET NULL,
	ADD CONSTRAINT `craft_commerce_orders_id_fk` FOREIGN KEY (`id`) REFERENCES `craft_elements` (`id`) ON DELETE CASCADE,
	ADD CONSTRAINT `craft_commerce_orders_orderStatusId_fk` FOREIGN KEY (`orderStatusId`) REFERENCES `craft_commerce_orderstatuses` (`id`) ON UPDATE CASCADE,
	ADD CONSTRAINT `craft_commerce_orders_paymentMethodId_fk` FOREIGN KEY (`paymentMethodId`) REFERENCES `craft_commerce_paymentmethods` (`id`) ON DELETE SET NULL,
	ADD CONSTRAINT `craft_commerce_orders_shippingAddressId_fk` FOREIGN KEY (`shippingAddressId`) REFERENCES `craft_commerce_addresses` (`id`) ON DELETE SET NULL;

--
-- Constraints for table `craft_commerce_ordersettings`
--
ALTER TABLE `craft_commerce_ordersettings`
	ADD CONSTRAINT `craft_commerce_ordersettings_fieldLayoutId_fk` FOREIGN KEY (`fieldLayoutId`) REFERENCES `craft_fieldlayouts` (`id`) ON DELETE SET NULL;

--
-- Constraints for table `craft_commerce_orderstatus_emails`
--
ALTER TABLE `craft_commerce_orderstatus_emails`
	ADD CONSTRAINT `craft_commerce_orderstatus_emails_emailId_fk` FOREIGN KEY (`emailId`) REFERENCES `craft_commerce_emails` (`id`) ON DELETE CASCADE ON UPDATE CASCADE,
	ADD CONSTRAINT `craft_commerce_orderstatus_emails_orderStatusId_fk` FOREIGN KEY (`orderStatusId`) REFERENCES `craft_commerce_orderstatuses` (`id`) ON DELETE CASCADE ON UPDATE CASCADE;

--
-- Constraints for table `craft_commerce_products`
--
ALTER TABLE `craft_commerce_products`
	ADD CONSTRAINT `craft_commerce_products_id_fk` FOREIGN KEY (`id`) REFERENCES `craft_elements` (`id`) ON DELETE CASCADE,
	ADD CONSTRAINT `craft_commerce_products_shippingCategoryId_fk` FOREIGN KEY (`shippingCategoryId`) REFERENCES `craft_commerce_shippingcategories` (`id`),
	ADD CONSTRAINT `craft_commerce_products_taxCategoryId_fk` FOREIGN KEY (`taxCategoryId`) REFERENCES `craft_commerce_taxcategories` (`id`),
	ADD CONSTRAINT `craft_commerce_products_typeId_fk` FOREIGN KEY (`typeId`) REFERENCES `craft_commerce_producttypes` (`id`) ON DELETE CASCADE;

--
-- Constraints for table `craft_commerce_producttypes`
--
ALTER TABLE `craft_commerce_producttypes`
	ADD CONSTRAINT `craft_commerce_producttypes_fieldLayoutId_fk` FOREIGN KEY (`fieldLayoutId`) REFERENCES `craft_fieldlayouts` (`id`) ON DELETE SET NULL,
	ADD CONSTRAINT `craft_commerce_producttypes_variantFieldLayoutId_fk` FOREIGN KEY (`variantFieldLayoutId`) REFERENCES `craft_fieldlayouts` (`id`) ON DELETE SET NULL;

--
-- Constraints for table `craft_commerce_producttypes_i18n`
--
ALTER TABLE `craft_commerce_producttypes_i18n`
	ADD CONSTRAINT `craft_commerce_producttypes_i18n_locale_fk` FOREIGN KEY (`locale`) REFERENCES `craft_locales` (`locale`) ON DELETE CASCADE ON UPDATE CASCADE,
	ADD CONSTRAINT `craft_commerce_producttypes_i18n_productTypeId_fk` FOREIGN KEY (`productTypeId`) REFERENCES `craft_commerce_producttypes` (`id`) ON DELETE CASCADE;

--
-- Constraints for table `craft_commerce_producttypes_shippingcategories`
--
ALTER TABLE `craft_commerce_producttypes_shippingcategories`
	ADD CONSTRAINT `craft_commerc_producttype_shippingcategorie_shippingCategoryI_fk` FOREIGN KEY (`shippingCategoryId`) REFERENCES `craft_commerce_shippingcategories` (`id`) ON DELETE CASCADE ON UPDATE CASCADE,
	ADD CONSTRAINT `craft_commerce_producttypes_shippingcategories_productTypeId_fk` FOREIGN KEY (`productTypeId`) REFERENCES `craft_commerce_producttypes` (`id`) ON DELETE CASCADE ON UPDATE CASCADE;

--
-- Constraints for table `craft_commerce_producttypes_taxcategories`
--
ALTER TABLE `craft_commerce_producttypes_taxcategories`
	ADD CONSTRAINT `craft_commerce_producttypes_taxcategories_productTypeId_fk` FOREIGN KEY (`productTypeId`) REFERENCES `craft_commerce_producttypes` (`id`) ON DELETE CASCADE,
	ADD CONSTRAINT `craft_commerce_producttypes_taxcategories_taxCategoryId_fk` FOREIGN KEY (`taxCategoryId`) REFERENCES `craft_commerce_taxcategories` (`id`) ON DELETE CASCADE;

--
-- Constraints for table `craft_commerce_purchasables`
--
ALTER TABLE `craft_commerce_purchasables`
	ADD CONSTRAINT `craft_commerce_purchasables_id_fk` FOREIGN KEY (`id`) REFERENCES `craft_elements` (`id`) ON DELETE CASCADE;

--
-- Constraints for table `craft_commerce_sale_products`
--
ALTER TABLE `craft_commerce_sale_products`
	ADD CONSTRAINT `craft_commerce_sale_products_productId_fk` FOREIGN KEY (`productId`) REFERENCES `craft_commerce_products` (`id`) ON DELETE CASCADE ON UPDATE CASCADE,
	ADD CONSTRAINT `craft_commerce_sale_products_saleId_fk` FOREIGN KEY (`saleId`) REFERENCES `craft_commerce_sales` (`id`) ON DELETE CASCADE ON UPDATE CASCADE;

--
-- Constraints for table `craft_commerce_sale_producttypes`
--
ALTER TABLE `craft_commerce_sale_producttypes`
	ADD CONSTRAINT `craft_commerce_sale_producttypes_productTypeId_fk` FOREIGN KEY (`productTypeId`) REFERENCES `craft_commerce_producttypes` (`id`) ON DELETE CASCADE ON UPDATE CASCADE,
	ADD CONSTRAINT `craft_commerce_sale_producttypes_saleId_fk` FOREIGN KEY (`saleId`) REFERENCES `craft_commerce_sales` (`id`) ON DELETE CASCADE ON UPDATE CASCADE;

--
-- Constraints for table `craft_commerce_sale_usergroups`
--
ALTER TABLE `craft_commerce_sale_usergroups`
	ADD CONSTRAINT `craft_commerce_sale_usergroups_saleId_fk` FOREIGN KEY (`saleId`) REFERENCES `craft_commerce_sales` (`id`) ON DELETE CASCADE ON UPDATE CASCADE,
	ADD CONSTRAINT `craft_commerce_sale_usergroups_userGroupId_fk` FOREIGN KEY (`userGroupId`) REFERENCES `craft_usergroups` (`id`) ON DELETE CASCADE ON UPDATE CASCADE;

--
-- Constraints for table `craft_commerce_shippingrule_categories`
--
ALTER TABLE `craft_commerce_shippingrule_categories`
	ADD CONSTRAINT `craft_commerce_shippingrule_categories_shippingCategoryId_fk` FOREIGN KEY (`shippingCategoryId`) REFERENCES `craft_commerce_shippingcategories` (`id`) ON DELETE CASCADE,
	ADD CONSTRAINT `craft_commerce_shippingrule_categories_shippingRuleId_fk` FOREIGN KEY (`shippingRuleId`) REFERENCES `craft_commerce_shippingrules` (`id`) ON DELETE CASCADE;

--
-- Constraints for table `craft_commerce_shippingrules`
--
ALTER TABLE `craft_commerce_shippingrules`
	ADD CONSTRAINT `craft_commerce_shippingrules_methodId_fk` FOREIGN KEY (`methodId`) REFERENCES `craft_commerce_shippingmethods` (`id`),
	ADD CONSTRAINT `craft_commerce_shippingrules_shippingZoneId_fk` FOREIGN KEY (`shippingZoneId`) REFERENCES `craft_commerce_shippingzones` (`id`) ON DELETE SET NULL;

--
-- Constraints for table `craft_commerce_shippingzone_countries`
--
ALTER TABLE `craft_commerce_shippingzone_countries`
	ADD CONSTRAINT `craft_commerce_shippingzone_countries_countryId_fk` FOREIGN KEY (`countryId`) REFERENCES `craft_commerce_countries` (`id`) ON DELETE CASCADE ON UPDATE CASCADE,
	ADD CONSTRAINT `craft_commerce_shippingzone_countries_shippingZoneId_fk` FOREIGN KEY (`shippingZoneId`) REFERENCES `craft_commerce_shippingzones` (`id`) ON DELETE CASCADE ON UPDATE CASCADE;

--
-- Constraints for table `craft_commerce_shippingzone_states`
--
ALTER TABLE `craft_commerce_shippingzone_states`
	ADD CONSTRAINT `craft_commerce_shippingzone_states_shippingZoneId_fk` FOREIGN KEY (`shippingZoneId`) REFERENCES `craft_commerce_shippingzones` (`id`) ON DELETE CASCADE ON UPDATE CASCADE,
	ADD CONSTRAINT `craft_commerce_shippingzone_states_stateId_fk` FOREIGN KEY (`stateId`) REFERENCES `craft_commerce_states` (`id`) ON DELETE CASCADE ON UPDATE CASCADE;

--
-- Constraints for table `craft_commerce_states`
--
ALTER TABLE `craft_commerce_states`
	ADD CONSTRAINT `craft_commerce_states_countryId_fk` FOREIGN KEY (`countryId`) REFERENCES `craft_commerce_countries` (`id`) ON DELETE CASCADE ON UPDATE CASCADE;

--
-- Constraints for table `craft_commerce_taxrates`
--
ALTER TABLE `craft_commerce_taxrates`
	ADD CONSTRAINT `craft_commerce_taxrates_taxCategoryId_fk` FOREIGN KEY (`taxCategoryId`) REFERENCES `craft_commerce_taxcategories` (`id`) ON UPDATE CASCADE,
	ADD CONSTRAINT `craft_commerce_taxrates_taxZoneId_fk` FOREIGN KEY (`taxZoneId`) REFERENCES `craft_commerce_taxzones` (`id`) ON UPDATE CASCADE;

--
-- Constraints for table `craft_commerce_taxzone_countries`
--
ALTER TABLE `craft_commerce_taxzone_countries`
	ADD CONSTRAINT `craft_commerce_taxzone_countries_countryId_fk` FOREIGN KEY (`countryId`) REFERENCES `craft_commerce_countries` (`id`) ON DELETE CASCADE ON UPDATE CASCADE,
	ADD CONSTRAINT `craft_commerce_taxzone_countries_taxZoneId_fk` FOREIGN KEY (`taxZoneId`) REFERENCES `craft_commerce_taxzones` (`id`) ON DELETE CASCADE ON UPDATE CASCADE;

--
-- Constraints for table `craft_commerce_taxzone_states`
--
ALTER TABLE `craft_commerce_taxzone_states`
	ADD CONSTRAINT `craft_commerce_taxzone_states_stateId_fk` FOREIGN KEY (`stateId`) REFERENCES `craft_commerce_states` (`id`) ON DELETE CASCADE ON UPDATE CASCADE,
	ADD CONSTRAINT `craft_commerce_taxzone_states_taxZoneId_fk` FOREIGN KEY (`taxZoneId`) REFERENCES `craft_commerce_taxzones` (`id`) ON DELETE CASCADE ON UPDATE CASCADE;

--
-- Constraints for table `craft_commerce_transactions`
--
ALTER TABLE `craft_commerce_transactions`
	ADD CONSTRAINT `craft_commerce_transactions_orderId_fk` FOREIGN KEY (`orderId`) REFERENCES `craft_commerce_orders` (`id`) ON DELETE CASCADE,
	ADD CONSTRAINT `craft_commerce_transactions_parentId_fk` FOREIGN KEY (`parentId`) REFERENCES `craft_commerce_transactions` (`id`) ON DELETE CASCADE ON UPDATE CASCADE,
	ADD CONSTRAINT `craft_commerce_transactions_paymentMethodId_fk` FOREIGN KEY (`paymentMethodId`) REFERENCES `craft_commerce_paymentmethods` (`id`) ON UPDATE CASCADE,
	ADD CONSTRAINT `craft_commerce_transactions_userId_fk` FOREIGN KEY (`userId`) REFERENCES `craft_users` (`id`) ON DELETE SET NULL;

--
-- Constraints for table `craft_commerce_variants`
--
ALTER TABLE `craft_commerce_variants`
	ADD CONSTRAINT `craft_commerce_variants_id_fk` FOREIGN KEY (`id`) REFERENCES `craft_elements` (`id`) ON DELETE CASCADE,
	ADD CONSTRAINT `craft_commerce_variants_productId_fk` FOREIGN KEY (`productId`) REFERENCES `craft_commerce_products` (`id`) ON DELETE SET NULL ON UPDATE CASCADE;

--
-- Constraints for table `craft_content`
--
ALTER TABLE `craft_content`
	ADD CONSTRAINT `craft_content_elementId_fk` FOREIGN KEY (`elementId`) REFERENCES `craft_elements` (`id`) ON DELETE CASCADE,
	ADD CONSTRAINT `craft_content_locale_fk` FOREIGN KEY (`locale`) REFERENCES `craft_locales` (`locale`) ON DELETE CASCADE ON UPDATE CASCADE;

--
-- Constraints for table `craft_elements_i18n`
--
ALTER TABLE `craft_elements_i18n`
	ADD CONSTRAINT `craft_elements_i18n_elementId_fk` FOREIGN KEY (`elementId`) REFERENCES `craft_elements` (`id`) ON DELETE CASCADE,
	ADD CONSTRAINT `craft_elements_i18n_locale_fk` FOREIGN KEY (`locale`) REFERENCES `craft_locales` (`locale`) ON DELETE CASCADE ON UPDATE CASCADE;

--
-- Constraints for table `craft_emailmessages`
--
ALTER TABLE `craft_emailmessages`
	ADD CONSTRAINT `craft_emailmessages_locale_fk` FOREIGN KEY (`locale`) REFERENCES `craft_locales` (`locale`) ON DELETE CASCADE ON UPDATE CASCADE;

--
-- Constraints for table `craft_entries`
--
ALTER TABLE `craft_entries`
	ADD CONSTRAINT `craft_entries_authorId_fk` FOREIGN KEY (`authorId`) REFERENCES `craft_users` (`id`) ON DELETE CASCADE,
	ADD CONSTRAINT `craft_entries_id_fk` FOREIGN KEY (`id`) REFERENCES `craft_elements` (`id`) ON DELETE CASCADE,
	ADD CONSTRAINT `craft_entries_sectionId_fk` FOREIGN KEY (`sectionId`) REFERENCES `craft_sections` (`id`) ON DELETE CASCADE,
	ADD CONSTRAINT `craft_entries_typeId_fk` FOREIGN KEY (`typeId`) REFERENCES `craft_entrytypes` (`id`) ON DELETE CASCADE;

--
-- Constraints for table `craft_entrydrafts`
--
ALTER TABLE `craft_entrydrafts`
	ADD CONSTRAINT `craft_entrydrafts_creatorId_fk` FOREIGN KEY (`creatorId`) REFERENCES `craft_users` (`id`) ON DELETE CASCADE,
	ADD CONSTRAINT `craft_entrydrafts_entryId_fk` FOREIGN KEY (`entryId`) REFERENCES `craft_entries` (`id`) ON DELETE CASCADE,
	ADD CONSTRAINT `craft_entrydrafts_locale_fk` FOREIGN KEY (`locale`) REFERENCES `craft_locales` (`locale`) ON DELETE CASCADE ON UPDATE CASCADE,
	ADD CONSTRAINT `craft_entrydrafts_sectionId_fk` FOREIGN KEY (`sectionId`) REFERENCES `craft_sections` (`id`) ON DELETE CASCADE;

--
-- Constraints for table `craft_entrytypes`
--
ALTER TABLE `craft_entrytypes`
	ADD CONSTRAINT `craft_entrytypes_fieldLayoutId_fk` FOREIGN KEY (`fieldLayoutId`) REFERENCES `craft_fieldlayouts` (`id`) ON DELETE SET NULL,
	ADD CONSTRAINT `craft_entrytypes_sectionId_fk` FOREIGN KEY (`sectionId`) REFERENCES `craft_sections` (`id`) ON DELETE CASCADE;

--
-- Constraints for table `craft_entryversions`
--
ALTER TABLE `craft_entryversions`
	ADD CONSTRAINT `craft_entryversions_creatorId_fk` FOREIGN KEY (`creatorId`) REFERENCES `craft_users` (`id`) ON DELETE SET NULL,
	ADD CONSTRAINT `craft_entryversions_entryId_fk` FOREIGN KEY (`entryId`) REFERENCES `craft_entries` (`id`) ON DELETE CASCADE,
	ADD CONSTRAINT `craft_entryversions_locale_fk` FOREIGN KEY (`locale`) REFERENCES `craft_locales` (`locale`) ON DELETE CASCADE ON UPDATE CASCADE,
	ADD CONSTRAINT `craft_entryversions_sectionId_fk` FOREIGN KEY (`sectionId`) REFERENCES `craft_sections` (`id`) ON DELETE CASCADE;

--
-- Constraints for table `craft_fieldlayoutfields`
--
ALTER TABLE `craft_fieldlayoutfields`
	ADD CONSTRAINT `craft_fieldlayoutfields_fieldId_fk` FOREIGN KEY (`fieldId`) REFERENCES `craft_fields` (`id`) ON DELETE CASCADE,
	ADD CONSTRAINT `craft_fieldlayoutfields_layoutId_fk` FOREIGN KEY (`layoutId`) REFERENCES `craft_fieldlayouts` (`id`) ON DELETE CASCADE,
	ADD CONSTRAINT `craft_fieldlayoutfields_tabId_fk` FOREIGN KEY (`tabId`) REFERENCES `craft_fieldlayouttabs` (`id`) ON DELETE CASCADE;

--
-- Constraints for table `craft_fieldlayouttabs`
--
ALTER TABLE `craft_fieldlayouttabs`
	ADD CONSTRAINT `craft_fieldlayouttabs_layoutId_fk` FOREIGN KEY (`layoutId`) REFERENCES `craft_fieldlayouts` (`id`) ON DELETE CASCADE;

--
-- Constraints for table `craft_fields`
--
ALTER TABLE `craft_fields`
	ADD CONSTRAINT `craft_fields_groupId_fk` FOREIGN KEY (`groupId`) REFERENCES `craft_fieldgroups` (`id`) ON DELETE CASCADE;

--
-- Constraints for table `craft_globalsets`
--
ALTER TABLE `craft_globalsets`
	ADD CONSTRAINT `craft_globalsets_fieldLayoutId_fk` FOREIGN KEY (`fieldLayoutId`) REFERENCES `craft_fieldlayouts` (`id`) ON DELETE SET NULL,
	ADD CONSTRAINT `craft_globalsets_id_fk` FOREIGN KEY (`id`) REFERENCES `craft_elements` (`id`) ON DELETE CASCADE;

--
-- Constraints for table `craft_matrixblocks`
--
ALTER TABLE `craft_matrixblocks`
	ADD CONSTRAINT `craft_matrixblocks_fieldId_fk` FOREIGN KEY (`fieldId`) REFERENCES `craft_fields` (`id`) ON DELETE CASCADE,
	ADD CONSTRAINT `craft_matrixblocks_id_fk` FOREIGN KEY (`id`) REFERENCES `craft_elements` (`id`) ON DELETE CASCADE,
	ADD CONSTRAINT `craft_matrixblocks_ownerId_fk` FOREIGN KEY (`ownerId`) REFERENCES `craft_elements` (`id`) ON DELETE CASCADE,
	ADD CONSTRAINT `craft_matrixblocks_ownerLocale_fk` FOREIGN KEY (`ownerLocale`) REFERENCES `craft_locales` (`locale`) ON DELETE CASCADE ON UPDATE CASCADE,
	ADD CONSTRAINT `craft_matrixblocks_typeId_fk` FOREIGN KEY (`typeId`) REFERENCES `craft_matrixblocktypes` (`id`) ON DELETE CASCADE;

--
-- Constraints for table `craft_matrixblocktypes`
--
ALTER TABLE `craft_matrixblocktypes`
	ADD CONSTRAINT `craft_matrixblocktypes_fieldId_fk` FOREIGN KEY (`fieldId`) REFERENCES `craft_fields` (`id`) ON DELETE CASCADE,
	ADD CONSTRAINT `craft_matrixblocktypes_fieldLayoutId_fk` FOREIGN KEY (`fieldLayoutId`) REFERENCES `craft_fieldlayouts` (`id`) ON DELETE SET NULL;

--
-- Constraints for table `craft_migrations`
--
ALTER TABLE `craft_migrations`
	ADD CONSTRAINT `craft_migrations_pluginId_fk` FOREIGN KEY (`pluginId`) REFERENCES `craft_plugins` (`id`) ON DELETE CASCADE;

--
-- Constraints for table `craft_relations`
--
ALTER TABLE `craft_relations`
	ADD CONSTRAINT `craft_relations_fieldId_fk` FOREIGN KEY (`fieldId`) REFERENCES `craft_fields` (`id`) ON DELETE CASCADE,
	ADD CONSTRAINT `craft_relations_sourceId_fk` FOREIGN KEY (`sourceId`) REFERENCES `craft_elements` (`id`) ON DELETE CASCADE,
	ADD CONSTRAINT `craft_relations_sourceLocale_fk` FOREIGN KEY (`sourceLocale`) REFERENCES `craft_locales` (`locale`) ON DELETE CASCADE ON UPDATE CASCADE,
	ADD CONSTRAINT `craft_relations_targetId_fk` FOREIGN KEY (`targetId`) REFERENCES `craft_elements` (`id`) ON DELETE CASCADE;

--
-- Constraints for table `craft_routes`
--
ALTER TABLE `craft_routes`
	ADD CONSTRAINT `craft_routes_locale_fk` FOREIGN KEY (`locale`) REFERENCES `craft_locales` (`locale`) ON DELETE CASCADE ON UPDATE CASCADE;

--
-- Constraints for table `craft_sections`
--
ALTER TABLE `craft_sections`
	ADD CONSTRAINT `craft_sections_structureId_fk` FOREIGN KEY (`structureId`) REFERENCES `craft_structures` (`id`) ON DELETE SET NULL;

--
-- Constraints for table `craft_sections_i18n`
--
ALTER TABLE `craft_sections_i18n`
	ADD CONSTRAINT `craft_sections_i18n_locale_fk` FOREIGN KEY (`locale`) REFERENCES `craft_locales` (`locale`) ON DELETE CASCADE ON UPDATE CASCADE,
	ADD CONSTRAINT `craft_sections_i18n_sectionId_fk` FOREIGN KEY (`sectionId`) REFERENCES `craft_sections` (`id`) ON DELETE CASCADE;

--
-- Constraints for table `craft_seomatic_meta`
--
ALTER TABLE `craft_seomatic_meta`
	ADD CONSTRAINT `craft_seomatic_meta_id_fk` FOREIGN KEY (`id`) REFERENCES `craft_elements` (`id`) ON DELETE CASCADE,
	ADD CONSTRAINT `craft_seomatic_meta_seoFacebookImageId_fk` FOREIGN KEY (`seoFacebookImageId`) REFERENCES `craft_assetfiles` (`id`) ON DELETE SET NULL,
	ADD CONSTRAINT `craft_seomatic_meta_seoImageId_fk` FOREIGN KEY (`seoImageId`) REFERENCES `craft_assetfiles` (`id`) ON DELETE SET NULL,
	ADD CONSTRAINT `craft_seomatic_meta_seoTwitterImageId_fk` FOREIGN KEY (`seoTwitterImageId`) REFERENCES `craft_assetfiles` (`id`) ON DELETE SET NULL;

--
-- Constraints for table `craft_seomatic_settings`
--
ALTER TABLE `craft_seomatic_settings`
	ADD CONSTRAINT `craft_seomatic_settings_genericCreatorImageId_fk` FOREIGN KEY (`genericCreatorImageId`) REFERENCES `craft_assetfiles` (`id`) ON DELETE SET NULL,
	ADD CONSTRAINT `craft_seomatic_settings_genericOwnerImageId_fk` FOREIGN KEY (`genericOwnerImageId`) REFERENCES `craft_assetfiles` (`id`) ON DELETE SET NULL,
	ADD CONSTRAINT `craft_seomatic_settings_siteSeoFacebookImageId_fk` FOREIGN KEY (`siteSeoFacebookImageId`) REFERENCES `craft_assetfiles` (`id`) ON DELETE SET NULL,
	ADD CONSTRAINT `craft_seomatic_settings_siteSeoImageId_fk` FOREIGN KEY (`siteSeoImageId`) REFERENCES `craft_assetfiles` (`id`) ON DELETE SET NULL,
	ADD CONSTRAINT `craft_seomatic_settings_siteSeoTwitterImageId_fk` FOREIGN KEY (`siteSeoTwitterImageId`) REFERENCES `craft_assetfiles` (`id`) ON DELETE SET NULL;

--
-- Constraints for table `craft_sessions`
--
ALTER TABLE `craft_sessions`
	ADD CONSTRAINT `craft_sessions_userId_fk` FOREIGN KEY (`userId`) REFERENCES `craft_users` (`id`) ON DELETE CASCADE;

--
-- Constraints for table `craft_shunnedmessages`
--
ALTER TABLE `craft_shunnedmessages`
	ADD CONSTRAINT `craft_shunnedmessages_userId_fk` FOREIGN KEY (`userId`) REFERENCES `craft_users` (`id`) ON DELETE CASCADE;

--
-- Constraints for table `craft_structureelements`
--
ALTER TABLE `craft_structureelements`
	ADD CONSTRAINT `craft_structureelements_elementId_fk` FOREIGN KEY (`elementId`) REFERENCES `craft_elements` (`id`) ON DELETE CASCADE,
	ADD CONSTRAINT `craft_structureelements_structureId_fk` FOREIGN KEY (`structureId`) REFERENCES `craft_structures` (`id`) ON DELETE CASCADE;

--
-- Constraints for table `craft_taggroups`
--
ALTER TABLE `craft_taggroups`
	ADD CONSTRAINT `craft_taggroups_fieldLayoutId_fk` FOREIGN KEY (`fieldLayoutId`) REFERENCES `craft_fieldlayouts` (`id`) ON DELETE SET NULL;

--
-- Constraints for table `craft_tags`
--
ALTER TABLE `craft_tags`
	ADD CONSTRAINT `craft_tags_groupId_fk` FOREIGN KEY (`groupId`) REFERENCES `craft_taggroups` (`id`) ON DELETE CASCADE,
	ADD CONSTRAINT `craft_tags_id_fk` FOREIGN KEY (`id`) REFERENCES `craft_elements` (`id`) ON DELETE CASCADE;

--
-- Constraints for table `craft_templatecachecriteria`
--
ALTER TABLE `craft_templatecachecriteria`
	ADD CONSTRAINT `craft_templatecachecriteria_cacheId_fk` FOREIGN KEY (`cacheId`) REFERENCES `craft_templatecaches` (`id`) ON DELETE CASCADE;

--
-- Constraints for table `craft_templatecacheelements`
--
ALTER TABLE `craft_templatecacheelements`
	ADD CONSTRAINT `craft_templatecacheelements_cacheId_fk` FOREIGN KEY (`cacheId`) REFERENCES `craft_templatecaches` (`id`) ON DELETE CASCADE,
	ADD CONSTRAINT `craft_templatecacheelements_elementId_fk` FOREIGN KEY (`elementId`) REFERENCES `craft_elements` (`id`) ON DELETE CASCADE;

--
-- Constraints for table `craft_templatecaches`
--
ALTER TABLE `craft_templatecaches`
	ADD CONSTRAINT `craft_templatecaches_locale_fk` FOREIGN KEY (`locale`) REFERENCES `craft_locales` (`locale`) ON DELETE CASCADE ON UPDATE CASCADE;

--
-- Constraints for table `craft_usergroups_users`
--
ALTER TABLE `craft_usergroups_users`
	ADD CONSTRAINT `craft_usergroups_users_groupId_fk` FOREIGN KEY (`groupId`) REFERENCES `craft_usergroups` (`id`) ON DELETE CASCADE,
	ADD CONSTRAINT `craft_usergroups_users_userId_fk` FOREIGN KEY (`userId`) REFERENCES `craft_users` (`id`) ON DELETE CASCADE;

--
-- Constraints for table `craft_userpermissions_usergroups`
--
ALTER TABLE `craft_userpermissions_usergroups`
	ADD CONSTRAINT `craft_userpermissions_usergroups_groupId_fk` FOREIGN KEY (`groupId`) REFERENCES `craft_usergroups` (`id`) ON DELETE CASCADE,
	ADD CONSTRAINT `craft_userpermissions_usergroups_permissionId_fk` FOREIGN KEY (`permissionId`) REFERENCES `craft_userpermissions` (`id`) ON DELETE CASCADE;

--
-- Constraints for table `craft_userpermissions_users`
--
ALTER TABLE `craft_userpermissions_users`
	ADD CONSTRAINT `craft_userpermissions_users_permissionId_fk` FOREIGN KEY (`permissionId`) REFERENCES `craft_userpermissions` (`id`) ON DELETE CASCADE,
	ADD CONSTRAINT `craft_userpermissions_users_userId_fk` FOREIGN KEY (`userId`) REFERENCES `craft_users` (`id`) ON DELETE CASCADE;

--
-- Constraints for table `craft_users`
--
ALTER TABLE `craft_users`
	ADD CONSTRAINT `craft_users_id_fk` FOREIGN KEY (`id`) REFERENCES `craft_elements` (`id`) ON DELETE CASCADE,
	ADD CONSTRAINT `craft_users_preferredLocale_fk` FOREIGN KEY (`preferredLocale`) REFERENCES `craft_locales` (`locale`) ON DELETE SET NULL ON UPDATE CASCADE;

--
-- Constraints for table `craft_widgets`
--
ALTER TABLE `craft_widgets`
	ADD CONSTRAINT `craft_widgets_userId_fk` FOREIGN KEY (`userId`) REFERENCES `craft_users` (`id`) ON DELETE CASCADE;

SET FOREIGN_KEY_CHECKS = 1;
